#adm2+name+i_eng+is_latn,#adm2+name+i_tur+is_latn,#adm2+code+v_pcode,#adm2+name,#adm2+name+alt1+i_eng+is_latn,#adm2+name+alt2+i_eng+is_latn,#adm2+name+alt1+i_tur+is_latn,#adm2+name+alt2+i_tur+is_latn,#adm1+name+i_eng+is_latn,#adm1+name+i_tur+is_latn,#adm1+code+v_pcode,#country+name+i_eng+is_latn,#country+name+i_tur+is_latn,#country+code+v_iso3166p1a2,#date+start,#date+updated,#date+end
Aladag,Aladağ,TR001001,,,,,,Adana,Adana,TR001,Turkey,Türkiye,TR,2020-01-01,2020-03-26,
Ceyhan,Ceyhan,TR001002,,,,,,Adana,Adana,TR001,Turkey,Türkiye,TR,2020-01-01,2020-03-26,
Cukurova,Çukurova,TR001003,,,,,,Adana,Adana,TR001,Turkey,Türkiye,TR,2020-01-01,2020-03-26,
Feke,Feke,TR001004,,,,,,Adana,Adana,TR001,Turkey,Türkiye,TR,2020-01-01,2020-03-26,
Imamoglu,Imamoğlu,TR001005,,,,,,Adana,Adana,TR001,Turkey,Türkiye,TR,2020-01-01,2020-03-26,
Karaisali,Karaisali,TR001006,,,,,,Adana,Adana,TR001,Turkey,Türkiye,TR,2020-01-01,2020-03-26,
Karatas,Karataş,TR001007,,,,,,Adana,Adana,TR001,Turkey,Türkiye,TR,2020-01-01,2020-03-26,
Kozan,Kozan,TR001008,,,,,,Adana,Adana,TR001,Turkey,Türkiye,TR,2020-01-01,2020-03-26,
Pozanti,Pozanti,TR001009,,,,,,Adana,Adana,TR001,Turkey,Türkiye,TR,2020-01-01,2020-03-26,
Saimbeyli,Saimbeyli,TR001010,,,,,,Adana,Adana,TR001,Turkey,Türkiye,TR,2020-01-01,2020-03-26,
Saricam,Sariçam,TR001011,,,,,,Adana,Adana,TR001,Turkey,Türkiye,TR,2020-01-01,2020-03-26,
Seyhan,Seyhan,TR001012,,,,,,Adana,Adana,TR001,Turkey,Türkiye,TR,2020-01-01,2020-03-26,
Tufanbeyli,Tufanbeyli,TR001013,,,,,,Adana,Adana,TR001,Turkey,Türkiye,TR,2020-01-01,2020-03-26,
Yumurtalik,Yumurtalik,TR001014,,,,,,Adana,Adana,TR001,Turkey,Türkiye,TR,2020-01-01,2020-03-26,
Yuregir,Yüreğir,TR001015,,,,,,Adana,Adana,TR001,Turkey,Türkiye,TR,2020-01-01,2020-03-26,
Adiyaman,Adiyaman,TR002001,,,,,,Adiyaman,Adiyaman,TR002,Turkey,Türkiye,TR,2020-01-01,2020-03-26,
Besni,Besni,TR002002,,,,,,Adiyaman,Adiyaman,TR002,Turkey,Türkiye,TR,2020-01-01,2020-03-26,
Celikhan,Çelikhan,TR002003,,,,,,Adiyaman,Adiyaman,TR002,Turkey,Türkiye,TR,2020-01-01,2020-03-26,
Gerger,Gerger,TR002004,,,,,,Adiyaman,Adiyaman,TR002,Turkey,Türkiye,TR,2020-01-01,2020-03-26,
Golbasi,Gölbaşi,TR002005,,,,,,Adiyaman,Adiyaman,TR002,Turkey,Türkiye,TR,2020-01-01,2020-03-26,
Kahta,Kahta,TR002006,,,,,,Adiyaman,Adiyaman,TR002,Turkey,Türkiye,TR,2020-01-01,2020-03-26,
Samsat,Samsat,TR002007,,,,,,Adiyaman,Adiyaman,TR002,Turkey,Türkiye,TR,2020-01-01,2020-03-26,
Sincik,Sincik,TR002008,,,,,,Adiyaman,Adiyaman,TR002,Turkey,Türkiye,TR,2020-01-01,2020-03-26,
Tut,Tut,TR002009,,,,,,Adiyaman,Adiyaman,TR002,Turkey,Türkiye,TR,2020-01-01,2020-03-26,
Afyonkarahisar,Afyonkarahisar,TR003001,,,,,,Afyonkarahisar,Afyonkarahisar,TR003,Turkey,Türkiye,TR,2020-01-01,2020-03-26,
Basmakci,Başmakçi,TR003002,,,,,,Afyonkarahisar,Afyonkarahisar,TR003,Turkey,Türkiye,TR,2020-01-01,2020-03-26,
Bayat,Bayat,TR003003,,,,,,Afyonkarahisar,Afyonkarahisar,TR003,Turkey,Türkiye,TR,2020-01-01,2020-03-26,
Bolvadin,Bolvadin,TR003004,,,,,,Afyonkarahisar,Afyonkarahisar,TR003,Turkey,Türkiye,TR,2020-01-01,2020-03-26,
Cay,Çay,TR003005,,,,,,Afyonkarahisar,Afyonkarahisar,TR003,Turkey,Türkiye,TR,2020-01-01,2020-03-26,
Cobanlar,Çobanlar,TR003006,,,,,,Afyonkarahisar,Afyonkarahisar,TR003,Turkey,Türkiye,TR,2020-01-01,2020-03-26,
Dazkiri,Dazkiri,TR003007,,,,,,Afyonkarahisar,Afyonkarahisar,TR003,Turkey,Türkiye,TR,2020-01-01,2020-03-26,
Dinar,Dinar,TR003008,,,,,,Afyonkarahisar,Afyonkarahisar,TR003,Turkey,Türkiye,TR,2020-01-01,2020-03-26,
Emirdag,Emirdağ,TR003009,,,,,,Afyonkarahisar,Afyonkarahisar,TR003,Turkey,Türkiye,TR,2020-01-01,2020-03-26,
Evciler,Evciler,TR003010,,,,,,Afyonkarahisar,Afyonkarahisar,TR003,Turkey,Türkiye,TR,2020-01-01,2020-03-26,
Hocalar,Hocalar,TR003011,,,,,,Afyonkarahisar,Afyonkarahisar,TR003,Turkey,Türkiye,TR,2020-01-01,2020-03-26,
Ihsaniye,Ihsaniye,TR003012,,,,,,Afyonkarahisar,Afyonkarahisar,TR003,Turkey,Türkiye,TR,2020-01-01,2020-03-26,
Iscehisar,Iscehisar,TR003013,,,,,,Afyonkarahisar,Afyonkarahisar,TR003,Turkey,Türkiye,TR,2020-01-01,2020-03-26,
Kiziloren,Kizilören,TR003014,,,,,,Afyonkarahisar,Afyonkarahisar,TR003,Turkey,Türkiye,TR,2020-01-01,2020-03-26,
Sandikli,Sandikli,TR003015,,,,,,Afyonkarahisar,Afyonkarahisar,TR003,Turkey,Türkiye,TR,2020-01-01,2020-03-26,
Sinanpasa,Sinanpaşa,TR003016,,,,,,Afyonkarahisar,Afyonkarahisar,TR003,Turkey,Türkiye,TR,2020-01-01,2020-03-26,
Sultandagi,Sultandaği,TR003017,,,,,,Afyonkarahisar,Afyonkarahisar,TR003,Turkey,Türkiye,TR,2020-01-01,2020-03-26,
Suhut,Şuhut,TR003018,,,,,,Afyonkarahisar,Afyonkarahisar,TR003,Turkey,Türkiye,TR,2020-01-01,2020-03-26,
Agri,Ağri,TR004001,,,,,,Agri,Ağri,TR004,Turkey,Türkiye,TR,2020-01-01,2020-03-26,
Diyadin,Diyadin,TR004002,,,,,,Agri,Ağri,TR004,Turkey,Türkiye,TR,2020-01-01,2020-03-26,
Dogubayazit,Doğubayazit,TR004003,,,,,,Agri,Ağri,TR004,Turkey,Türkiye,TR,2020-01-01,2020-03-26,
Eleskirt,Eleşkirt,TR004004,,,,,,Agri,Ağri,TR004,Turkey,Türkiye,TR,2020-01-01,2020-03-26,
Hamur,Hamur,TR004005,,,,,,Agri,Ağri,TR004,Turkey,Türkiye,TR,2020-01-01,2020-03-26,
Patnos,Patnos,TR004006,,,,,,Agri,Ağri,TR004,Turkey,Türkiye,TR,2020-01-01,2020-03-26,
Taslicay,Taşliçay,TR004007,,,,,,Agri,Ağri,TR004,Turkey,Türkiye,TR,2020-01-01,2020-03-26,
Tutak,Tutak,TR004008,,,,,,Agri,Ağri,TR004,Turkey,Türkiye,TR,2020-01-01,2020-03-26,
Amasya,Amasya,TR005001,,,,,,Amasya,Amasya,TR005,Turkey,Türkiye,TR,2020-01-01,2020-03-26,
Goynucek,Göynücek,TR005002,,,,,,Amasya,Amasya,TR005,Turkey,Türkiye,TR,2020-01-01,2020-03-26,
Gumushacikoy,Gümüşhaciköy,TR005003,,,,,,Amasya,Amasya,TR005,Turkey,Türkiye,TR,2020-01-01,2020-03-26,
Hamamozu,Hamamözü,TR005004,,,,,,Amasya,Amasya,TR005,Turkey,Türkiye,TR,2020-01-01,2020-03-26,
Merzifon,Merzifon,TR005005,,,,,,Amasya,Amasya,TR005,Turkey,Türkiye,TR,2020-01-01,2020-03-26,
Suluova,Suluova,TR005006,,,,,,Amasya,Amasya,TR005,Turkey,Türkiye,TR,2020-01-01,2020-03-26,
Tasova,Taşova,TR005007,,,,,,Amasya,Amasya,TR005,Turkey,Türkiye,TR,2020-01-01,2020-03-26,
Akyurt,Akyurt,TR006001,,,,,,Ankara,Ankara,TR006,Turkey,Türkiye,TR,2020-01-01,2020-03-26,
Altindag,Altindağ,TR006002,,,,,,Ankara,Ankara,TR006,Turkey,Türkiye,TR,2020-01-01,2020-03-26,
Ayas,Ayaş,TR006003,,,,,,Ankara,Ankara,TR006,Turkey,Türkiye,TR,2020-01-01,2020-03-26,
Bala,Bala,TR006004,,,,,,Ankara,Ankara,TR006,Turkey,Türkiye,TR,2020-01-01,2020-03-26,
Beypazari,Beypazari,TR006005,,,,,,Ankara,Ankara,TR006,Turkey,Türkiye,TR,2020-01-01,2020-03-26,
Camlidere,Çamlidere,TR006006,,,,,,Ankara,Ankara,TR006,Turkey,Türkiye,TR,2020-01-01,2020-03-26,
Cankaya,Çankaya,TR006007,,,,,,Ankara,Ankara,TR006,Turkey,Türkiye,TR,2020-01-01,2020-03-26,
Cubuk,Çubuk,TR006008,,,,,,Ankara,Ankara,TR006,Turkey,Türkiye,TR,2020-01-01,2020-03-26,
Elmadag,Elmadağ,TR006009,,,,,,Ankara,Ankara,TR006,Turkey,Türkiye,TR,2020-01-01,2020-03-26,
Etimesgut,Etimesgut,TR006010,,,,,,Ankara,Ankara,TR006,Turkey,Türkiye,TR,2020-01-01,2020-03-26,
Evren,Evren,TR006011,,,,,,Ankara,Ankara,TR006,Turkey,Türkiye,TR,2020-01-01,2020-03-26,
Golbasi,Gölbaşi,TR006012,,,,,,Ankara,Ankara,TR006,Turkey,Türkiye,TR,2020-01-01,2020-03-26,
Gudul,Güdül,TR006013,,,,,,Ankara,Ankara,TR006,Turkey,Türkiye,TR,2020-01-01,2020-03-26,
Haymana,Haymana,TR006014,,,,,,Ankara,Ankara,TR006,Turkey,Türkiye,TR,2020-01-01,2020-03-26,
Kahramankazan,Kahramankazan,TR006015,,,,,,Ankara,Ankara,TR006,Turkey,Türkiye,TR,2020-01-01,2020-03-26,
Kalecik,Kalecik,TR006016,,,,,,Ankara,Ankara,TR006,Turkey,Türkiye,TR,2020-01-01,2020-03-26,
Kecioren,Keçiören,TR006017,,,,,,Ankara,Ankara,TR006,Turkey,Türkiye,TR,2020-01-01,2020-03-26,
Kizilcahamam,Kizilcahamam,TR006018,,,,,,Ankara,Ankara,TR006,Turkey,Türkiye,TR,2020-01-01,2020-03-26,
Mamak,Mamak,TR006019,,,,,,Ankara,Ankara,TR006,Turkey,Türkiye,TR,2020-01-01,2020-03-26,
Nallihan,Nallihan,TR006020,,,,,,Ankara,Ankara,TR006,Turkey,Türkiye,TR,2020-01-01,2020-03-26,
Polatli,Polatli,TR006021,,,,,,Ankara,Ankara,TR006,Turkey,Türkiye,TR,2020-01-01,2020-03-26,
Pursaklar,Pursaklar,TR006022,,,,,,Ankara,Ankara,TR006,Turkey,Türkiye,TR,2020-01-01,2020-03-26,
Sincan,Sincan,TR006023,,,,,,Ankara,Ankara,TR006,Turkey,Türkiye,TR,2020-01-01,2020-03-26,
Sereflikochisar,Şereflikoçhisar,TR006024,,,,,,Ankara,Ankara,TR006,Turkey,Türkiye,TR,2020-01-01,2020-03-26,
Yenimahalle,Yenimahalle,TR006025,,,,,,Ankara,Ankara,TR006,Turkey,Türkiye,TR,2020-01-01,2020-03-26,
Akseki,Akseki,TR007001,,,,,,Antalya,Antalya,TR007,Turkey,Türkiye,TR,2020-01-01,2020-03-26,
Aksu,Aksu,TR007002,,,,,,Antalya,Antalya,TR007,Turkey,Türkiye,TR,2020-01-01,2020-03-26,
Alanya,Alanya,TR007003,,,,,,Antalya,Antalya,TR007,Turkey,Türkiye,TR,2020-01-01,2020-03-26,
Demre,Demre,TR007004,,,,,,Antalya,Antalya,TR007,Turkey,Türkiye,TR,2020-01-01,2020-03-26,
Dosemealti,Döşemealti,TR007005,,,,,,Antalya,Antalya,TR007,Turkey,Türkiye,TR,2020-01-01,2020-03-26,
Elmali,Elmali,TR007006,,,,,,Antalya,Antalya,TR007,Turkey,Türkiye,TR,2020-01-01,2020-03-26,
Finike,Finike,TR007007,,,,,,Antalya,Antalya,TR007,Turkey,Türkiye,TR,2020-01-01,2020-03-26,
Gazipasa,Gazipaşa,TR007008,,,,,,Antalya,Antalya,TR007,Turkey,Türkiye,TR,2020-01-01,2020-03-26,
Gundogmus,Gündoğmuş,TR007009,,,,,,Antalya,Antalya,TR007,Turkey,Türkiye,TR,2020-01-01,2020-03-26,
Ibradi,Ibradi,TR007010,,,,,,Antalya,Antalya,TR007,Turkey,Türkiye,TR,2020-01-01,2020-03-26,
Kas,Kaş,TR007011,,,,,,Antalya,Antalya,TR007,Turkey,Türkiye,TR,2020-01-01,2020-03-26,
Kemer,Kemer,TR007012,,,,,,Antalya,Antalya,TR007,Turkey,Türkiye,TR,2020-01-01,2020-03-26,
Kepez,Kepez,TR007013,,,,,,Antalya,Antalya,TR007,Turkey,Türkiye,TR,2020-01-01,2020-03-26,
Konyaalti,Konyaalti,TR007014,,,,,,Antalya,Antalya,TR007,Turkey,Türkiye,TR,2020-01-01,2020-03-26,
Korkuteli,Korkuteli,TR007015,,,,,,Antalya,Antalya,TR007,Turkey,Türkiye,TR,2020-01-01,2020-03-26,
Kumluca,Kumluca,TR007016,,,,,,Antalya,Antalya,TR007,Turkey,Türkiye,TR,2020-01-01,2020-03-26,
Manavgat,Manavgat,TR007017,,,,,,Antalya,Antalya,TR007,Turkey,Türkiye,TR,2020-01-01,2020-03-26,
Muratpasa,Muratpaşa,TR007018,,,,,,Antalya,Antalya,TR007,Turkey,Türkiye,TR,2020-01-01,2020-03-26,
Serik,Serik,TR007019,,,,,,Antalya,Antalya,TR007,Turkey,Türkiye,TR,2020-01-01,2020-03-26,
Ardanuc,Ardanuç,TR008001,,,,,,Artvin,Artvin,TR008,Turkey,Türkiye,TR,2020-01-01,2020-03-26,
Arhavi,Arhavi,TR008002,,,,,,Artvin,Artvin,TR008,Turkey,Türkiye,TR,2020-01-01,2020-03-26,
Artvin,Artvin,TR008003,,,,,,Artvin,Artvin,TR008,Turkey,Türkiye,TR,2020-01-01,2020-03-26,
Borcka,Borçka,TR008004,,,,,,Artvin,Artvin,TR008,Turkey,Türkiye,TR,2020-01-01,2020-03-26,
Hopa,Hopa,TR008005,,,,,,Artvin,Artvin,TR008,Turkey,Türkiye,TR,2020-01-01,2020-03-26,
Kemalpasa,Kemalpaşa,TR008006,,,,,,Artvin,Artvin,TR008,Turkey,Türkiye,TR,2020-01-01,2020-03-26,
Murgul,Murgul,TR008007,,,,,,Artvin,Artvin,TR008,Turkey,Türkiye,TR,2020-01-01,2020-03-26,
Savsat,Şavşat,TR008008,,,,,,Artvin,Artvin,TR008,Turkey,Türkiye,TR,2020-01-01,2020-03-26,
Yusufeli,Yusufeli,TR008009,,,,,,Artvin,Artvin,TR008,Turkey,Türkiye,TR,2020-01-01,2020-03-26,
Bozdogan,Bozdoğan,TR009001,,,,,,Aydin,Aydin,TR009,Turkey,Türkiye,TR,2020-01-01,2020-03-26,
Buharkent,Buharkent,TR009002,,,,,,Aydin,Aydin,TR009,Turkey,Türkiye,TR,2020-01-01,2020-03-26,
Cine,Çine,TR009003,,,,,,Aydin,Aydin,TR009,Turkey,Türkiye,TR,2020-01-01,2020-03-26,
Didim,Didim,TR009004,,,,,,Aydin,Aydin,TR009,Turkey,Türkiye,TR,2020-01-01,2020-03-26,
Efeler,Efeler,TR009005,,,,,,Aydin,Aydin,TR009,Turkey,Türkiye,TR,2020-01-01,2020-03-26,
Germencik,Germencik,TR009006,,,,,,Aydin,Aydin,TR009,Turkey,Türkiye,TR,2020-01-01,2020-03-26,
Incirliova,Incirliova,TR009007,,,,,,Aydin,Aydin,TR009,Turkey,Türkiye,TR,2020-01-01,2020-03-26,
Karacasu,Karacasu,TR009008,,,,,,Aydin,Aydin,TR009,Turkey,Türkiye,TR,2020-01-01,2020-03-26,
Karpuzlu,Karpuzlu,TR009009,,,,,,Aydin,Aydin,TR009,Turkey,Türkiye,TR,2020-01-01,2020-03-26,
Kocarli,Koçarli,TR009010,,,,,,Aydin,Aydin,TR009,Turkey,Türkiye,TR,2020-01-01,2020-03-26,
Kosk,Köşk,TR009011,,,,,,Aydin,Aydin,TR009,Turkey,Türkiye,TR,2020-01-01,2020-03-26,
Kusadasi,Kuşadasi,TR009012,,,,,,Aydin,Aydin,TR009,Turkey,Türkiye,TR,2020-01-01,2020-03-26,
Kuyucak,Kuyucak,TR009013,,,,,,Aydin,Aydin,TR009,Turkey,Türkiye,TR,2020-01-01,2020-03-26,
Nazilli,Nazilli,TR009014,,,,,,Aydin,Aydin,TR009,Turkey,Türkiye,TR,2020-01-01,2020-03-26,
Soke,Söke,TR009015,,,,,,Aydin,Aydin,TR009,Turkey,Türkiye,TR,2020-01-01,2020-03-26,
Sultanhisar,Sultanhisar,TR009016,,,,,,Aydin,Aydin,TR009,Turkey,Türkiye,TR,2020-01-01,2020-03-26,
Yenipazar,Yenipazar,TR009017,,,,,,Aydin,Aydin,TR009,Turkey,Türkiye,TR,2020-01-01,2020-03-26,
Altieylul,Altieylül,TR010001,,,,,,Balikesir,Balikesir,TR010,Turkey,Türkiye,TR,2020-01-01,2020-03-26,
Ayvalik,Ayvalik,TR010002,,,,,,Balikesir,Balikesir,TR010,Turkey,Türkiye,TR,2020-01-01,2020-03-26,
Balya,Balya,TR010003,,,,,,Balikesir,Balikesir,TR010,Turkey,Türkiye,TR,2020-01-01,2020-03-26,
Bandirma,Bandirma,TR010004,,,,,,Balikesir,Balikesir,TR010,Turkey,Türkiye,TR,2020-01-01,2020-03-26,
Bigadic,Bigadiç,TR010005,,,,,,Balikesir,Balikesir,TR010,Turkey,Türkiye,TR,2020-01-01,2020-03-26,
Burhaniye,Burhaniye,TR010006,,,,,,Balikesir,Balikesir,TR010,Turkey,Türkiye,TR,2020-01-01,2020-03-26,
Dursunbey,Dursunbey,TR010007,,,,,,Balikesir,Balikesir,TR010,Turkey,Türkiye,TR,2020-01-01,2020-03-26,
Edremit,Edremit,TR010008,,,,,,Balikesir,Balikesir,TR010,Turkey,Türkiye,TR,2020-01-01,2020-03-26,
Erdek,Erdek,TR010009,,,,,,Balikesir,Balikesir,TR010,Turkey,Türkiye,TR,2020-01-01,2020-03-26,
Gomec,Gömeç,TR010010,,,,,,Balikesir,Balikesir,TR010,Turkey,Türkiye,TR,2020-01-01,2020-03-26,
Gonen,Gönen,TR010011,,,,,,Balikesir,Balikesir,TR010,Turkey,Türkiye,TR,2020-01-01,2020-03-26,
Havran,Havran,TR010012,,,,,,Balikesir,Balikesir,TR010,Turkey,Türkiye,TR,2020-01-01,2020-03-26,
Ivrindi,Ivrindi,TR010013,,,,,,Balikesir,Balikesir,TR010,Turkey,Türkiye,TR,2020-01-01,2020-03-26,
Karesi,Karesi,TR010014,,,,,,Balikesir,Balikesir,TR010,Turkey,Türkiye,TR,2020-01-01,2020-03-26,
Kepsut,Kepsut,TR010015,,,,,,Balikesir,Balikesir,TR010,Turkey,Türkiye,TR,2020-01-01,2020-03-26,
Manyas,Manyas,TR010016,,,,,,Balikesir,Balikesir,TR010,Turkey,Türkiye,TR,2020-01-01,2020-03-26,
Marmara,Marmara,TR010017,,,,,,Balikesir,Balikesir,TR010,Turkey,Türkiye,TR,2020-01-01,2020-03-26,
Savastepe,Savaştepe,TR010018,,,,,,Balikesir,Balikesir,TR010,Turkey,Türkiye,TR,2020-01-01,2020-03-26,
Sindirgi,Sindirgi,TR010019,,,,,,Balikesir,Balikesir,TR010,Turkey,Türkiye,TR,2020-01-01,2020-03-26,
Susurluk,Susurluk,TR010020,,,,,,Balikesir,Balikesir,TR010,Turkey,Türkiye,TR,2020-01-01,2020-03-26,
Bilecik,Bilecik,TR011001,,,,,,Bilecik,Bilecik,TR011,Turkey,Türkiye,TR,2020-01-01,2020-03-26,
Bozuyuk,Bozüyük,TR011002,,,,,,Bilecik,Bilecik,TR011,Turkey,Türkiye,TR,2020-01-01,2020-03-26,
Golpazari,Gölpazari,TR011003,,,,,,Bilecik,Bilecik,TR011,Turkey,Türkiye,TR,2020-01-01,2020-03-26,
Inhisar,Inhisar,TR011004,,,,,,Bilecik,Bilecik,TR011,Turkey,Türkiye,TR,2020-01-01,2020-03-26,
Osmaneli,Osmaneli,TR011005,,,,,,Bilecik,Bilecik,TR011,Turkey,Türkiye,TR,2020-01-01,2020-03-26,
Pazaryeri,Pazaryeri,TR011006,,,,,,Bilecik,Bilecik,TR011,Turkey,Türkiye,TR,2020-01-01,2020-03-26,
Sogut,Söğüt,TR011007,,,,,,Bilecik,Bilecik,TR011,Turkey,Türkiye,TR,2020-01-01,2020-03-26,
Yenipazar,Yenipazar,TR011008,,,,,,Bilecik,Bilecik,TR011,Turkey,Türkiye,TR,2020-01-01,2020-03-26,
Adakli,Adakli,TR012001,,,,,,Bingol,Bingöl,TR012,Turkey,Türkiye,TR,2020-01-01,2020-03-26,
Bingol,Bingöl,TR012002,,,,,,Bingol,Bingöl,TR012,Turkey,Türkiye,TR,2020-01-01,2020-03-26,
Genc,Genç,TR012003,,,,,,Bingol,Bingöl,TR012,Turkey,Türkiye,TR,2020-01-01,2020-03-26,
Karliova,Karliova,TR012004,,,,,,Bingol,Bingöl,TR012,Turkey,Türkiye,TR,2020-01-01,2020-03-26,
Kigi,Kiği,TR012005,,,,,,Bingol,Bingöl,TR012,Turkey,Türkiye,TR,2020-01-01,2020-03-26,
Solhan,Solhan,TR012006,,,,,,Bingol,Bingöl,TR012,Turkey,Türkiye,TR,2020-01-01,2020-03-26,
Yayladere,Yayladere,TR012007,,,,,,Bingol,Bingöl,TR012,Turkey,Türkiye,TR,2020-01-01,2020-03-26,
Yedisu,Yedisu,TR012008,,,,,,Bingol,Bingöl,TR012,Turkey,Türkiye,TR,2020-01-01,2020-03-26,
Adilcevaz,Adilcevaz,TR013001,,,,,,Bitlis,Bitlis,TR013,Turkey,Türkiye,TR,2020-01-01,2020-03-26,
Ahlat,Ahlat,TR013002,,,,,,Bitlis,Bitlis,TR013,Turkey,Türkiye,TR,2020-01-01,2020-03-26,
Bitlis,Bitlis,TR013003,,,,,,Bitlis,Bitlis,TR013,Turkey,Türkiye,TR,2020-01-01,2020-03-26,
Guroymak,Güroymak,TR013004,,,,,,Bitlis,Bitlis,TR013,Turkey,Türkiye,TR,2020-01-01,2020-03-26,
Hizan,Hizan,TR013005,,,,,,Bitlis,Bitlis,TR013,Turkey,Türkiye,TR,2020-01-01,2020-03-26,
Mutki,Mutki,TR013006,,,,,,Bitlis,Bitlis,TR013,Turkey,Türkiye,TR,2020-01-01,2020-03-26,
Tatvan,Tatvan,TR013007,,,,,,Bitlis,Bitlis,TR013,Turkey,Türkiye,TR,2020-01-01,2020-03-26,
Bolu,Bolu,TR014001,,,,,,Bolu,Bolu,TR014,Turkey,Türkiye,TR,2020-01-01,2020-03-26,
Dortdivan,Dörtdivan,TR014002,,,,,,Bolu,Bolu,TR014,Turkey,Türkiye,TR,2020-01-01,2020-03-26,
Gerede,Gerede,TR014003,,,,,,Bolu,Bolu,TR014,Turkey,Türkiye,TR,2020-01-01,2020-03-26,
Goynuk,Göynük,TR014004,,,,,,Bolu,Bolu,TR014,Turkey,Türkiye,TR,2020-01-01,2020-03-26,
Kibriscik,Kibriscik,TR014005,,,,,,Bolu,Bolu,TR014,Turkey,Türkiye,TR,2020-01-01,2020-03-26,
Mengen,Mengen,TR014006,,,,,,Bolu,Bolu,TR014,Turkey,Türkiye,TR,2020-01-01,2020-03-26,
Mudurnu,Mudurnu,TR014007,,,,,,Bolu,Bolu,TR014,Turkey,Türkiye,TR,2020-01-01,2020-03-26,
Seben,Seben,TR014008,,,,,,Bolu,Bolu,TR014,Turkey,Türkiye,TR,2020-01-01,2020-03-26,
Yenicaga,Yeniçağa,TR014009,,,,,,Bolu,Bolu,TR014,Turkey,Türkiye,TR,2020-01-01,2020-03-26,
Aglasun,Ağlasun,TR015001,,,,,,Burdur,Burdur,TR015,Turkey,Türkiye,TR,2020-01-01,2020-03-26,
Altinyayla,Altinyayla,TR015002,,,,,,Burdur,Burdur,TR015,Turkey,Türkiye,TR,2020-01-01,2020-03-26,
Bucak,Bucak,TR015003,,,,,,Burdur,Burdur,TR015,Turkey,Türkiye,TR,2020-01-01,2020-03-26,
Burdur,Burdur,TR015004,,,,,,Burdur,Burdur,TR015,Turkey,Türkiye,TR,2020-01-01,2020-03-26,
Cavdir,Çavdir,TR015005,,,,,,Burdur,Burdur,TR015,Turkey,Türkiye,TR,2020-01-01,2020-03-26,
Celtikci,Çeltikçi,TR015006,,,,,,Burdur,Burdur,TR015,Turkey,Türkiye,TR,2020-01-01,2020-03-26,
Golhisar,Gölhisar,TR015007,,,,,,Burdur,Burdur,TR015,Turkey,Türkiye,TR,2020-01-01,2020-03-26,
Karamanli,Karamanli,TR015008,,,,,,Burdur,Burdur,TR015,Turkey,Türkiye,TR,2020-01-01,2020-03-26,
Kemer,Kemer,TR015009,,,,,,Burdur,Burdur,TR015,Turkey,Türkiye,TR,2020-01-01,2020-03-26,
Tefenni,Tefenni,TR015010,,,,,,Burdur,Burdur,TR015,Turkey,Türkiye,TR,2020-01-01,2020-03-26,
Yesilova,Yeşilova,TR015011,,,,,,Burdur,Burdur,TR015,Turkey,Türkiye,TR,2020-01-01,2020-03-26,
Buyukorhan,Büyükorhan,TR016001,,,,,,Bursa,Bursa,TR016,Turkey,Türkiye,TR,2020-01-01,2020-03-26,
Gemlik,Gemlik,TR016002,,,,,,Bursa,Bursa,TR016,Turkey,Türkiye,TR,2020-01-01,2020-03-26,
Gursu,Gürsu,TR016003,,,,,,Bursa,Bursa,TR016,Turkey,Türkiye,TR,2020-01-01,2020-03-26,
Harmancik,Harmancik,TR016004,,,,,,Bursa,Bursa,TR016,Turkey,Türkiye,TR,2020-01-01,2020-03-26,
Inegol,Inegöl,TR016005,,,,,,Bursa,Bursa,TR016,Turkey,Türkiye,TR,2020-01-01,2020-03-26,
Iznik,Iznik,TR016006,,,,,,Bursa,Bursa,TR016,Turkey,Türkiye,TR,2020-01-01,2020-03-26,
Karacabey,Karacabey,TR016007,,,,,,Bursa,Bursa,TR016,Turkey,Türkiye,TR,2020-01-01,2020-03-26,
Keles,Keles,TR016008,,,,,,Bursa,Bursa,TR016,Turkey,Türkiye,TR,2020-01-01,2020-03-26,
Kestel,Kestel,TR016009,,,,,,Bursa,Bursa,TR016,Turkey,Türkiye,TR,2020-01-01,2020-03-26,
Mudanya,Mudanya,TR016010,,,,,,Bursa,Bursa,TR016,Turkey,Türkiye,TR,2020-01-01,2020-03-26,
Mustafakemalpasa,Mustafakemalpaşa,TR016011,,,,,,Bursa,Bursa,TR016,Turkey,Türkiye,TR,2020-01-01,2020-03-26,
Nilufer,Nilüfer,TR016012,,,,,,Bursa,Bursa,TR016,Turkey,Türkiye,TR,2020-01-01,2020-03-26,
Orhaneli,Orhaneli,TR016013,,,,,,Bursa,Bursa,TR016,Turkey,Türkiye,TR,2020-01-01,2020-03-26,
Orhangazi,Orhangazi,TR016014,,,,,,Bursa,Bursa,TR016,Turkey,Türkiye,TR,2020-01-01,2020-03-26,
Osmangazi,Osmangazi,TR016015,,,,,,Bursa,Bursa,TR016,Turkey,Türkiye,TR,2020-01-01,2020-03-26,
Yenisehir,Yenişehir,TR016016,,,,,,Bursa,Bursa,TR016,Turkey,Türkiye,TR,2020-01-01,2020-03-26,
Yildirim,Yildirim,TR016017,,,,,,Bursa,Bursa,TR016,Turkey,Türkiye,TR,2020-01-01,2020-03-26,
Ayvacik,Ayvacik,TR017001,,,,,,Canakkale,Çanakkale,TR017,Turkey,Türkiye,TR,2020-01-01,2020-03-26,
Bayramic,Bayramiç,TR017002,,,,,,Canakkale,Çanakkale,TR017,Turkey,Türkiye,TR,2020-01-01,2020-03-26,
Biga,Biga,TR017003,,,,,,Canakkale,Çanakkale,TR017,Turkey,Türkiye,TR,2020-01-01,2020-03-26,
Bozcaada,Bozcaada,TR017004,,,,,,Canakkale,Çanakkale,TR017,Turkey,Türkiye,TR,2020-01-01,2020-03-26,
Can,Çan,TR017005,,,,,,Canakkale,Çanakkale,TR017,Turkey,Türkiye,TR,2020-01-01,2020-03-26,
Canakkale,Çanakkale,TR017006,,,,,,Canakkale,Çanakkale,TR017,Turkey,Türkiye,TR,2020-01-01,2020-03-26,
Eceabat,Eceabat,TR017007,,,,,,Canakkale,Çanakkale,TR017,Turkey,Türkiye,TR,2020-01-01,2020-03-26,
Ezine,Ezine,TR017008,,,,,,Canakkale,Çanakkale,TR017,Turkey,Türkiye,TR,2020-01-01,2020-03-26,
Gelibolu,Gelibolu,TR017009,,,,,,Canakkale,Çanakkale,TR017,Turkey,Türkiye,TR,2020-01-01,2020-03-26,
Gokceada,Gökçeada,TR017010,,,,,,Canakkale,Çanakkale,TR017,Turkey,Türkiye,TR,2020-01-01,2020-03-26,
Lapseki,Lapseki,TR017011,,,,,,Canakkale,Çanakkale,TR017,Turkey,Türkiye,TR,2020-01-01,2020-03-26,
Yenice,Yenice,TR017012,,,,,,Canakkale,Çanakkale,TR017,Turkey,Türkiye,TR,2020-01-01,2020-03-26,
Atkaracalar,Atkaracalar,TR018001,,,,,,Cankiri,Çankiri,TR018,Turkey,Türkiye,TR,2020-01-01,2020-03-26,
Bayramoren,Bayramören,TR018002,,,,,,Cankiri,Çankiri,TR018,Turkey,Türkiye,TR,2020-01-01,2020-03-26,
Cankiri,Çankiri,TR018003,,,,,,Cankiri,Çankiri,TR018,Turkey,Türkiye,TR,2020-01-01,2020-03-26,
Cerkes,Çerkeş,TR018004,,,,,,Cankiri,Çankiri,TR018,Turkey,Türkiye,TR,2020-01-01,2020-03-26,
Eldivan,Eldivan,TR018005,,,,,,Cankiri,Çankiri,TR018,Turkey,Türkiye,TR,2020-01-01,2020-03-26,
Ilgaz,Ilgaz,TR018006,,,,,,Cankiri,Çankiri,TR018,Turkey,Türkiye,TR,2020-01-01,2020-03-26,
Kizilirmak,Kizilirmak,TR018007,,,,,,Cankiri,Çankiri,TR018,Turkey,Türkiye,TR,2020-01-01,2020-03-26,
Korgun,Korgun,TR018008,,,,,,Cankiri,Çankiri,TR018,Turkey,Türkiye,TR,2020-01-01,2020-03-26,
Kursunlu,Kurşunlu,TR018009,,,,,,Cankiri,Çankiri,TR018,Turkey,Türkiye,TR,2020-01-01,2020-03-26,
Orta,Orta,TR018010,,,,,,Cankiri,Çankiri,TR018,Turkey,Türkiye,TR,2020-01-01,2020-03-26,
Sabanozu,Şabanözü,TR018011,,,,,,Cankiri,Çankiri,TR018,Turkey,Türkiye,TR,2020-01-01,2020-03-26,
Yaprakli,Yaprakli,TR018012,,,,,,Cankiri,Çankiri,TR018,Turkey,Türkiye,TR,2020-01-01,2020-03-26,
Alaca,Alaca,TR019001,,,,,,Corum,Çorum,TR019,Turkey,Türkiye,TR,2020-01-01,2020-03-26,
Bayat,Bayat,TR019002,,,,,,Corum,Çorum,TR019,Turkey,Türkiye,TR,2020-01-01,2020-03-26,
Bogazkale,Boğazkale,TR019003,,,,,,Corum,Çorum,TR019,Turkey,Türkiye,TR,2020-01-01,2020-03-26,
Corum,Çorum,TR019004,,,,,,Corum,Çorum,TR019,Turkey,Türkiye,TR,2020-01-01,2020-03-26,
Dodurga,Dodurga,TR019005,,,,,,Corum,Çorum,TR019,Turkey,Türkiye,TR,2020-01-01,2020-03-26,
Iskilip,Iskilip,TR019006,,,,,,Corum,Çorum,TR019,Turkey,Türkiye,TR,2020-01-01,2020-03-26,
Kargi,Kargi,TR019007,,,,,,Corum,Çorum,TR019,Turkey,Türkiye,TR,2020-01-01,2020-03-26,
Lacin,Laçin,TR019008,,,,,,Corum,Çorum,TR019,Turkey,Türkiye,TR,2020-01-01,2020-03-26,
Mecitozu,Mecitözü,TR019009,,,,,,Corum,Çorum,TR019,Turkey,Türkiye,TR,2020-01-01,2020-03-26,
Oguzlar,Oğuzlar,TR019010,,,,,,Corum,Çorum,TR019,Turkey,Türkiye,TR,2020-01-01,2020-03-26,
Ortakoy,Ortaköy,TR019011,,,,,,Corum,Çorum,TR019,Turkey,Türkiye,TR,2020-01-01,2020-03-26,
Osmancik,Osmancik,TR019012,,,,,,Corum,Çorum,TR019,Turkey,Türkiye,TR,2020-01-01,2020-03-26,
Sungurlu,Sungurlu,TR019013,,,,,,Corum,Çorum,TR019,Turkey,Türkiye,TR,2020-01-01,2020-03-26,
Ugurludag,Uğurludağ,TR019014,,,,,,Corum,Çorum,TR019,Turkey,Türkiye,TR,2020-01-01,2020-03-26,
Acipayam,Acipayam,TR020001,,,,,,Denizli,Denizli,TR020,Turkey,Türkiye,TR,2020-01-01,2020-03-26,
Babadag,Babadağ,TR020002,,,,,,Denizli,Denizli,TR020,Turkey,Türkiye,TR,2020-01-01,2020-03-26,
Baklan,Baklan,TR020003,,,,,,Denizli,Denizli,TR020,Turkey,Türkiye,TR,2020-01-01,2020-03-26,
Bekilli,Bekilli,TR020004,,,,,,Denizli,Denizli,TR020,Turkey,Türkiye,TR,2020-01-01,2020-03-26,
Beyagac,Beyağaç,TR020005,,,,,,Denizli,Denizli,TR020,Turkey,Türkiye,TR,2020-01-01,2020-03-26,
Bozkurt,Bozkurt,TR020006,,,,,,Denizli,Denizli,TR020,Turkey,Türkiye,TR,2020-01-01,2020-03-26,
Buldan,Buldan,TR020007,,,,,,Denizli,Denizli,TR020,Turkey,Türkiye,TR,2020-01-01,2020-03-26,
Cal,Çal,TR020008,,,,,,Denizli,Denizli,TR020,Turkey,Türkiye,TR,2020-01-01,2020-03-26,
Cameli,Çameli,TR020009,,,,,,Denizli,Denizli,TR020,Turkey,Türkiye,TR,2020-01-01,2020-03-26,
Cardak,Çardak,TR020010,,,,,,Denizli,Denizli,TR020,Turkey,Türkiye,TR,2020-01-01,2020-03-26,
Civril,Çivril,TR020011,,,,,,Denizli,Denizli,TR020,Turkey,Türkiye,TR,2020-01-01,2020-03-26,
Guney,Güney,TR020012,,,,,,Denizli,Denizli,TR020,Turkey,Türkiye,TR,2020-01-01,2020-03-26,
Honaz,Honaz,TR020013,,,,,,Denizli,Denizli,TR020,Turkey,Türkiye,TR,2020-01-01,2020-03-26,
Kale,Kale,TR020014,,,,,,Denizli,Denizli,TR020,Turkey,Türkiye,TR,2020-01-01,2020-03-26,
Merkezefendi,Merkezefendi,TR020015,,,,,,Denizli,Denizli,TR020,Turkey,Türkiye,TR,2020-01-01,2020-03-26,
Pamukkale,Pamukkale,TR020016,,,,,,Denizli,Denizli,TR020,Turkey,Türkiye,TR,2020-01-01,2020-03-26,
Saraykoy,Sarayköy,TR020017,,,,,,Denizli,Denizli,TR020,Turkey,Türkiye,TR,2020-01-01,2020-03-26,
Serinhisar,Serinhisar,TR020018,,,,,,Denizli,Denizli,TR020,Turkey,Türkiye,TR,2020-01-01,2020-03-26,
Tavas,Tavas,TR020019,,,,,,Denizli,Denizli,TR020,Turkey,Türkiye,TR,2020-01-01,2020-03-26,
Baglar,Bağlar,TR021001,,,,,,Diyarbakir,Diyarbakir,TR021,Turkey,Türkiye,TR,2020-01-01,2020-03-26,
Bismil,Bismil,TR021002,,,,,,Diyarbakir,Diyarbakir,TR021,Turkey,Türkiye,TR,2020-01-01,2020-03-26,
Cermik,Çermik,TR021003,,,,,,Diyarbakir,Diyarbakir,TR021,Turkey,Türkiye,TR,2020-01-01,2020-03-26,
Cinar,Çinar,TR021004,,,,,,Diyarbakir,Diyarbakir,TR021,Turkey,Türkiye,TR,2020-01-01,2020-03-26,
Cungus,Çüngüş,TR021005,,,,,,Diyarbakir,Diyarbakir,TR021,Turkey,Türkiye,TR,2020-01-01,2020-03-26,
Dicle,Dicle,TR021006,,,,,,Diyarbakir,Diyarbakir,TR021,Turkey,Türkiye,TR,2020-01-01,2020-03-26,
Egil,Eğil,TR021007,,,,,,Diyarbakir,Diyarbakir,TR021,Turkey,Türkiye,TR,2020-01-01,2020-03-26,
Ergani,Ergani,TR021008,,,,,,Diyarbakir,Diyarbakir,TR021,Turkey,Türkiye,TR,2020-01-01,2020-03-26,
Hani,Hani,TR021009,,,,,,Diyarbakir,Diyarbakir,TR021,Turkey,Türkiye,TR,2020-01-01,2020-03-26,
Hazro,Hazro,TR021010,,,,,,Diyarbakir,Diyarbakir,TR021,Turkey,Türkiye,TR,2020-01-01,2020-03-26,
Kayapinar,Kayapinar,TR021011,,,,,,Diyarbakir,Diyarbakir,TR021,Turkey,Türkiye,TR,2020-01-01,2020-03-26,
Kocakoy,Kocaköy,TR021012,,,,,,Diyarbakir,Diyarbakir,TR021,Turkey,Türkiye,TR,2020-01-01,2020-03-26,
Kulp,Kulp,TR021013,,,,,,Diyarbakir,Diyarbakir,TR021,Turkey,Türkiye,TR,2020-01-01,2020-03-26,
Lice,Lice,TR021014,,,,,,Diyarbakir,Diyarbakir,TR021,Turkey,Türkiye,TR,2020-01-01,2020-03-26,
Silvan,Silvan,TR021015,,,,,,Diyarbakir,Diyarbakir,TR021,Turkey,Türkiye,TR,2020-01-01,2020-03-26,
Sur,Sur,TR021016,,,,,,Diyarbakir,Diyarbakir,TR021,Turkey,Türkiye,TR,2020-01-01,2020-03-26,
Yenisehir,Yenişehir,TR021017,,,,,,Diyarbakir,Diyarbakir,TR021,Turkey,Türkiye,TR,2020-01-01,2020-03-26,
Edirne,Edirne,TR022001,,,,,,Edirne,Edirne,TR022,Turkey,Türkiye,TR,2020-01-01,2020-03-26,
Enez,Enez,TR022002,,,,,,Edirne,Edirne,TR022,Turkey,Türkiye,TR,2020-01-01,2020-03-26,
Havsa,Havsa,TR022003,,,,,,Edirne,Edirne,TR022,Turkey,Türkiye,TR,2020-01-01,2020-03-26,
Ipsala,Ipsala,TR022004,,,,,,Edirne,Edirne,TR022,Turkey,Türkiye,TR,2020-01-01,2020-03-26,
Kesan,Keşan,TR022005,,,,,,Edirne,Edirne,TR022,Turkey,Türkiye,TR,2020-01-01,2020-03-26,
Lalapasa,Lalapaşa,TR022006,,,,,,Edirne,Edirne,TR022,Turkey,Türkiye,TR,2020-01-01,2020-03-26,
Meric,Meriç,TR022007,,,,,,Edirne,Edirne,TR022,Turkey,Türkiye,TR,2020-01-01,2020-03-26,
Suloglu,Süloğlu,TR022008,,,,,,Edirne,Edirne,TR022,Turkey,Türkiye,TR,2020-01-01,2020-03-26,
Uzunkopru,Uzunköprü,TR022009,,,,,,Edirne,Edirne,TR022,Turkey,Türkiye,TR,2020-01-01,2020-03-26,
Agin,Ağin,TR023001,,,,,,Elazig,Elaziğ,TR023,Turkey,Türkiye,TR,2020-01-01,2020-03-26,
Alacakaya,Alacakaya,TR023002,,,,,,Elazig,Elaziğ,TR023,Turkey,Türkiye,TR,2020-01-01,2020-03-26,
Aricak,Aricak,TR023003,,,,,,Elazig,Elaziğ,TR023,Turkey,Türkiye,TR,2020-01-01,2020-03-26,
Baskil,Baskil,TR023004,,,,,,Elazig,Elaziğ,TR023,Turkey,Türkiye,TR,2020-01-01,2020-03-26,
Elazig,Elaziğ,TR023005,,,,,,Elazig,Elaziğ,TR023,Turkey,Türkiye,TR,2020-01-01,2020-03-26,
Karakocan,Karakoçan,TR023006,,,,,,Elazig,Elaziğ,TR023,Turkey,Türkiye,TR,2020-01-01,2020-03-26,
Keban,Keban,TR023007,,,,,,Elazig,Elaziğ,TR023,Turkey,Türkiye,TR,2020-01-01,2020-03-26,
Kovancilar,Kovancilar,TR023008,,,,,,Elazig,Elaziğ,TR023,Turkey,Türkiye,TR,2020-01-01,2020-03-26,
Maden,Maden,TR023009,,,,,,Elazig,Elaziğ,TR023,Turkey,Türkiye,TR,2020-01-01,2020-03-26,
Palu,Palu,TR023010,,,,,,Elazig,Elaziğ,TR023,Turkey,Türkiye,TR,2020-01-01,2020-03-26,
Sivrice,Sivrice,TR023011,,,,,,Elazig,Elaziğ,TR023,Turkey,Türkiye,TR,2020-01-01,2020-03-26,
Cayirli,Çayirli,TR024001,,,,,,Erzincan,Erzincan,TR024,Turkey,Türkiye,TR,2020-01-01,2020-03-26,
Erzincan,Erzincan,TR024002,,,,,,Erzincan,Erzincan,TR024,Turkey,Türkiye,TR,2020-01-01,2020-03-26,
Ilic,Iliç,TR024003,,,,,,Erzincan,Erzincan,TR024,Turkey,Türkiye,TR,2020-01-01,2020-03-26,
Kemah,Kemah,TR024004,,,,,,Erzincan,Erzincan,TR024,Turkey,Türkiye,TR,2020-01-01,2020-03-26,
Kemaliye,Kemaliye,TR024005,,,,,,Erzincan,Erzincan,TR024,Turkey,Türkiye,TR,2020-01-01,2020-03-26,
Otlukbeli,Otlukbeli,TR024006,,,,,,Erzincan,Erzincan,TR024,Turkey,Türkiye,TR,2020-01-01,2020-03-26,
Refahiye,Refahiye,TR024007,,,,,,Erzincan,Erzincan,TR024,Turkey,Türkiye,TR,2020-01-01,2020-03-26,
Tercan,Tercan,TR024008,,,,,,Erzincan,Erzincan,TR024,Turkey,Türkiye,TR,2020-01-01,2020-03-26,
Uzumlu,Üzümlü,TR024009,,,,,,Erzincan,Erzincan,TR024,Turkey,Türkiye,TR,2020-01-01,2020-03-26,
Askale,Aşkale,TR025001,,,,,,Erzurum,Erzurum,TR025,Turkey,Türkiye,TR,2020-01-01,2020-03-26,
Aziziye,Aziziye,TR025002,,,,,,Erzurum,Erzurum,TR025,Turkey,Türkiye,TR,2020-01-01,2020-03-26,
Cat,Çat,TR025003,,,,,,Erzurum,Erzurum,TR025,Turkey,Türkiye,TR,2020-01-01,2020-03-26,
Hinis,Hinis,TR025004,,,,,,Erzurum,Erzurum,TR025,Turkey,Türkiye,TR,2020-01-01,2020-03-26,
Horasan,Horasan,TR025005,,,,,,Erzurum,Erzurum,TR025,Turkey,Türkiye,TR,2020-01-01,2020-03-26,
Ispir,Ispir,TR025006,,,,,,Erzurum,Erzurum,TR025,Turkey,Türkiye,TR,2020-01-01,2020-03-26,
Karacoban,Karaçoban,TR025007,,,,,,Erzurum,Erzurum,TR025,Turkey,Türkiye,TR,2020-01-01,2020-03-26,
Karayazi,Karayazi,TR025008,,,,,,Erzurum,Erzurum,TR025,Turkey,Türkiye,TR,2020-01-01,2020-03-26,
Koprukoy,Köprüköy,TR025009,,,,,,Erzurum,Erzurum,TR025,Turkey,Türkiye,TR,2020-01-01,2020-03-26,
Narman,Narman,TR025010,,,,,,Erzurum,Erzurum,TR025,Turkey,Türkiye,TR,2020-01-01,2020-03-26,
Oltu,Oltu,TR025011,,,,,,Erzurum,Erzurum,TR025,Turkey,Türkiye,TR,2020-01-01,2020-03-26,
Olur,Olur,TR025012,,,,,,Erzurum,Erzurum,TR025,Turkey,Türkiye,TR,2020-01-01,2020-03-26,
Palandoken,Palandöken,TR025013,,,,,,Erzurum,Erzurum,TR025,Turkey,Türkiye,TR,2020-01-01,2020-03-26,
Pasinler,Pasinler,TR025014,,,,,,Erzurum,Erzurum,TR025,Turkey,Türkiye,TR,2020-01-01,2020-03-26,
Pazaryolu,Pazaryolu,TR025015,,,,,,Erzurum,Erzurum,TR025,Turkey,Türkiye,TR,2020-01-01,2020-03-26,
Senkaya,Şenkaya,TR025016,,,,,,Erzurum,Erzurum,TR025,Turkey,Türkiye,TR,2020-01-01,2020-03-26,
Tekman,Tekman,TR025017,,,,,,Erzurum,Erzurum,TR025,Turkey,Türkiye,TR,2020-01-01,2020-03-26,
Tortum,Tortum,TR025018,,,,,,Erzurum,Erzurum,TR025,Turkey,Türkiye,TR,2020-01-01,2020-03-26,
Uzundere,Uzundere,TR025019,,,,,,Erzurum,Erzurum,TR025,Turkey,Türkiye,TR,2020-01-01,2020-03-26,
Yakutiye,Yakutiye,TR025020,,,,,,Erzurum,Erzurum,TR025,Turkey,Türkiye,TR,2020-01-01,2020-03-26,
Alpu,Alpu,TR026001,,,,,,Eskisehir,Eskişehir,TR026,Turkey,Türkiye,TR,2020-01-01,2020-03-26,
Beylikova,Beylikova,TR026002,,,,,,Eskisehir,Eskişehir,TR026,Turkey,Türkiye,TR,2020-01-01,2020-03-26,
Cifteler,Çifteler,TR026003,,,,,,Eskisehir,Eskişehir,TR026,Turkey,Türkiye,TR,2020-01-01,2020-03-26,
Gunyuzu,Günyüzü,TR026004,,,,,,Eskisehir,Eskişehir,TR026,Turkey,Türkiye,TR,2020-01-01,2020-03-26,
Han,Han,TR026005,,,,,,Eskisehir,Eskişehir,TR026,Turkey,Türkiye,TR,2020-01-01,2020-03-26,
Inonu,Inönü,TR026006,,,,,,Eskisehir,Eskişehir,TR026,Turkey,Türkiye,TR,2020-01-01,2020-03-26,
Mahmudiye,Mahmudiye,TR026007,,,,,,Eskisehir,Eskişehir,TR026,Turkey,Türkiye,TR,2020-01-01,2020-03-26,
Mihalgazi,Mihalgazi,TR026008,,,,,,Eskisehir,Eskişehir,TR026,Turkey,Türkiye,TR,2020-01-01,2020-03-26,
Mihaliccik,Mihaliççik,TR026009,,,,,,Eskisehir,Eskişehir,TR026,Turkey,Türkiye,TR,2020-01-01,2020-03-26,
Odunpazari,Odunpazari,TR026010,,,,,,Eskisehir,Eskişehir,TR026,Turkey,Türkiye,TR,2020-01-01,2020-03-26,
Saricakaya,Saricakaya,TR026011,,,,,,Eskisehir,Eskişehir,TR026,Turkey,Türkiye,TR,2020-01-01,2020-03-26,
Seyitgazi,Seyitgazi,TR026012,,,,,,Eskisehir,Eskişehir,TR026,Turkey,Türkiye,TR,2020-01-01,2020-03-26,
Sivrihisar,Sivrihisar,TR026013,,,,,,Eskisehir,Eskişehir,TR026,Turkey,Türkiye,TR,2020-01-01,2020-03-26,
Tepebasi,Tepebaşi,TR026014,,,,,,Eskisehir,Eskişehir,TR026,Turkey,Türkiye,TR,2020-01-01,2020-03-26,
Araban,Araban,TR027001,,,,,,Gaziantep,Gaziantep,TR027,Turkey,Türkiye,TR,2020-01-01,2020-03-26,
Islahiye,Islahiye,TR027002,,,,,,Gaziantep,Gaziantep,TR027,Turkey,Türkiye,TR,2020-01-01,2020-03-26,
Karkamis,Karkamiş,TR027003,,,,,,Gaziantep,Gaziantep,TR027,Turkey,Türkiye,TR,2020-01-01,2020-03-26,
Nizip,Nizip,TR027004,,,,,,Gaziantep,Gaziantep,TR027,Turkey,Türkiye,TR,2020-01-01,2020-03-26,
Nurdagi,Nurdaği,TR027005,,,,,,Gaziantep,Gaziantep,TR027,Turkey,Türkiye,TR,2020-01-01,2020-03-26,
Oguzeli,Oğuzeli,TR027006,,,,,,Gaziantep,Gaziantep,TR027,Turkey,Türkiye,TR,2020-01-01,2020-03-26,
Sahinbey,Şahinbey,TR027007,,,,,,Gaziantep,Gaziantep,TR027,Turkey,Türkiye,TR,2020-01-01,2020-03-26,
Sehitkamil,Şehitkamil,TR027008,,,,,,Gaziantep,Gaziantep,TR027,Turkey,Türkiye,TR,2020-01-01,2020-03-26,
Yavuzeli,Yavuzeli,TR027009,,,,,,Gaziantep,Gaziantep,TR027,Turkey,Türkiye,TR,2020-01-01,2020-03-26,
Alucra,Alucra,TR028001,,,,,,Giresun,Giresun,TR028,Turkey,Türkiye,TR,2020-01-01,2020-03-26,
Bulancak,Bulancak,TR028002,,,,,,Giresun,Giresun,TR028,Turkey,Türkiye,TR,2020-01-01,2020-03-26,
Camoluk,Çamoluk,TR028003,,,,,,Giresun,Giresun,TR028,Turkey,Türkiye,TR,2020-01-01,2020-03-26,
Canakci,Çanakçi,TR028004,,,,,,Giresun,Giresun,TR028,Turkey,Türkiye,TR,2020-01-01,2020-03-26,
Dereli,Dereli,TR028005,,,,,,Giresun,Giresun,TR028,Turkey,Türkiye,TR,2020-01-01,2020-03-26,
Dogankent,Doğankent,TR028006,,,,,,Giresun,Giresun,TR028,Turkey,Türkiye,TR,2020-01-01,2020-03-26,
Espiye,Espiye,TR028007,,,,,,Giresun,Giresun,TR028,Turkey,Türkiye,TR,2020-01-01,2020-03-26,
Eynesil,Eynesil,TR028008,,,,,,Giresun,Giresun,TR028,Turkey,Türkiye,TR,2020-01-01,2020-03-26,
Giresun,Giresun,TR028009,,,,,,Giresun,Giresun,TR028,Turkey,Türkiye,TR,2020-01-01,2020-03-26,
Gorele,Görele,TR028010,,,,,,Giresun,Giresun,TR028,Turkey,Türkiye,TR,2020-01-01,2020-03-26,
Guce,Güce,TR028011,,,,,,Giresun,Giresun,TR028,Turkey,Türkiye,TR,2020-01-01,2020-03-26,
Kesap,Keşap,TR028012,,,,,,Giresun,Giresun,TR028,Turkey,Türkiye,TR,2020-01-01,2020-03-26,
Piraziz,Piraziz,TR028013,,,,,,Giresun,Giresun,TR028,Turkey,Türkiye,TR,2020-01-01,2020-03-26,
Sebinkarahisar,Şebinkarahisar,TR028014,,,,,,Giresun,Giresun,TR028,Turkey,Türkiye,TR,2020-01-01,2020-03-26,
Tirebolu,Tirebolu,TR028015,,,,,,Giresun,Giresun,TR028,Turkey,Türkiye,TR,2020-01-01,2020-03-26,
Yaglidere,Yağlidere,TR028016,,,,,,Giresun,Giresun,TR028,Turkey,Türkiye,TR,2020-01-01,2020-03-26,
Gumushane,Gümüşhane,TR029001,,,,,,Gumushane,Gümüşhane,TR029,Turkey,Türkiye,TR,2020-01-01,2020-03-26,
Kelkit,Kelkit,TR029002,,,,,,Gumushane,Gümüşhane,TR029,Turkey,Türkiye,TR,2020-01-01,2020-03-26,
Kose,Köse,TR029003,,,,,,Gumushane,Gümüşhane,TR029,Turkey,Türkiye,TR,2020-01-01,2020-03-26,
Kurtun,Kürtün,TR029004,,,,,,Gumushane,Gümüşhane,TR029,Turkey,Türkiye,TR,2020-01-01,2020-03-26,
Siran,Şiran,TR029005,,,,,,Gumushane,Gümüşhane,TR029,Turkey,Türkiye,TR,2020-01-01,2020-03-26,
Torul,Torul,TR029006,,,,,,Gumushane,Gümüşhane,TR029,Turkey,Türkiye,TR,2020-01-01,2020-03-26,
Cukurca,Çukurca,TR030001,,,,,,Hakkari,Hakkari,TR030,Turkey,Türkiye,TR,2020-01-01,2020-03-26,
Hakkari,Hakkari,TR030002,,,,,,Hakkari,Hakkari,TR030,Turkey,Türkiye,TR,2020-01-01,2020-03-26,
Semdinli,Şemdinli,TR030003,,,,,,Hakkari,Hakkari,TR030,Turkey,Türkiye,TR,2020-01-01,2020-03-26,
Yuksekova,Yüksekova,TR030004,,,,,,Hakkari,Hakkari,TR030,Turkey,Türkiye,TR,2020-01-01,2020-03-26,
Derecik,Derecik,TR030005,,,,,,Hakkari,Hakkari,TR030,Turkey,Türkiye,TR,2020-01-01,2020-03-26,
Altinozu,Altinözü,TR031001,,,,,,Hatay,Hatay,TR031,Turkey,Türkiye,TR,2020-01-01,2020-03-26,
Antakya,Antakya,TR031002,,,,,,Hatay,Hatay,TR031,Turkey,Türkiye,TR,2020-01-01,2020-03-26,
Arsuz,Arsuz,TR031003,,,,,,Hatay,Hatay,TR031,Turkey,Türkiye,TR,2020-01-01,2020-03-26,
Belen,Belen,TR031004,,,,,,Hatay,Hatay,TR031,Turkey,Türkiye,TR,2020-01-01,2020-03-26,
Defne,Defne,TR031005,,,,,,Hatay,Hatay,TR031,Turkey,Türkiye,TR,2020-01-01,2020-03-26,
Dortyol,Dörtyol,TR031006,,,,,,Hatay,Hatay,TR031,Turkey,Türkiye,TR,2020-01-01,2020-03-26,
Erzin,Erzin,TR031007,,,,,,Hatay,Hatay,TR031,Turkey,Türkiye,TR,2020-01-01,2020-03-26,
Hassa,Hassa,TR031008,,,,,,Hatay,Hatay,TR031,Turkey,Türkiye,TR,2020-01-01,2020-03-26,
Iskenderun,Iskenderun,TR031009,,,,,,Hatay,Hatay,TR031,Turkey,Türkiye,TR,2020-01-01,2020-03-26,
Kirikhan,Kirikhan,TR031010,,,,,,Hatay,Hatay,TR031,Turkey,Türkiye,TR,2020-01-01,2020-03-26,
Kumlu,Kumlu,TR031011,,,,,,Hatay,Hatay,TR031,Turkey,Türkiye,TR,2020-01-01,2020-03-26,
Payas,Payas,TR031012,,,,,,Hatay,Hatay,TR031,Turkey,Türkiye,TR,2020-01-01,2020-03-26,
Reyhanli,Reyhanli,TR031013,,,,,,Hatay,Hatay,TR031,Turkey,Türkiye,TR,2020-01-01,2020-03-26,
Samandag,Samandağ,TR031014,,,,,,Hatay,Hatay,TR031,Turkey,Türkiye,TR,2020-01-01,2020-03-26,
Yayladagi,Yayladaği,TR031015,,,,,,Hatay,Hatay,TR031,Turkey,Türkiye,TR,2020-01-01,2020-03-26,
Aksu,Aksu,TR032001,,,,,,Isparta,Isparta,TR032,Turkey,Türkiye,TR,2020-01-01,2020-03-26,
Atabey,Atabey,TR032002,,,,,,Isparta,Isparta,TR032,Turkey,Türkiye,TR,2020-01-01,2020-03-26,
Egirdir,Eğirdir,TR032003,,,,,,Isparta,Isparta,TR032,Turkey,Türkiye,TR,2020-01-01,2020-03-26,
Gelendost,Gelendost,TR032004,,,,,,Isparta,Isparta,TR032,Turkey,Türkiye,TR,2020-01-01,2020-03-26,
Gonen,Gönen,TR032005,,,,,,Isparta,Isparta,TR032,Turkey,Türkiye,TR,2020-01-01,2020-03-26,
Isparta,Isparta,TR032006,,,,,,Isparta,Isparta,TR032,Turkey,Türkiye,TR,2020-01-01,2020-03-26,
Keciborlu,Keçiborlu,TR032007,,,,,,Isparta,Isparta,TR032,Turkey,Türkiye,TR,2020-01-01,2020-03-26,
Senirkent,Senirkent,TR032008,,,,,,Isparta,Isparta,TR032,Turkey,Türkiye,TR,2020-01-01,2020-03-26,
Sutculer,Sütçüler,TR032009,,,,,,Isparta,Isparta,TR032,Turkey,Türkiye,TR,2020-01-01,2020-03-26,
Sarkikaraagac,Şarkikaraağaç,TR032010,,,,,,Isparta,Isparta,TR032,Turkey,Türkiye,TR,2020-01-01,2020-03-26,
Uluborlu,Uluborlu,TR032011,,,,,,Isparta,Isparta,TR032,Turkey,Türkiye,TR,2020-01-01,2020-03-26,
Yalvac,Yalvaç,TR032012,,,,,,Isparta,Isparta,TR032,Turkey,Türkiye,TR,2020-01-01,2020-03-26,
Yenisarbademli,Yenişarbademli,TR032013,,,,,,Isparta,Isparta,TR032,Turkey,Türkiye,TR,2020-01-01,2020-03-26,
Akdeniz,Akdeniz,TR033001,,,,,,Mersin,Mersin,TR033,Turkey,Türkiye,TR,2020-01-01,2020-03-26,
Anamur,Anamur,TR033002,,,,,,Mersin,Mersin,TR033,Turkey,Türkiye,TR,2020-01-01,2020-03-26,
Aydincik,Aydincik,TR033003,,,,,,Mersin,Mersin,TR033,Turkey,Türkiye,TR,2020-01-01,2020-03-26,
Bozyazi,Bozyazi,TR033004,,,,,,Mersin,Mersin,TR033,Turkey,Türkiye,TR,2020-01-01,2020-03-26,
Camliyayla,Çamliyayla,TR033005,,,,,,Mersin,Mersin,TR033,Turkey,Türkiye,TR,2020-01-01,2020-03-26,
Erdemli,Erdemli,TR033006,,,,,,Mersin,Mersin,TR033,Turkey,Türkiye,TR,2020-01-01,2020-03-26,
Gulnar,Gülnar,TR033007,,,,,,Mersin,Mersin,TR033,Turkey,Türkiye,TR,2020-01-01,2020-03-26,
Mezitli,Mezitli,TR033008,,,,,,Mersin,Mersin,TR033,Turkey,Türkiye,TR,2020-01-01,2020-03-26,
Mut,Mut,TR033009,,,,,,Mersin,Mersin,TR033,Turkey,Türkiye,TR,2020-01-01,2020-03-26,
Silifke,Silifke,TR033010,,,,,,Mersin,Mersin,TR033,Turkey,Türkiye,TR,2020-01-01,2020-03-26,
Tarsus,Tarsus,TR033011,,,,,,Mersin,Mersin,TR033,Turkey,Türkiye,TR,2020-01-01,2020-03-26,
Toroslar,Toroslar,TR033012,,,,,,Mersin,Mersin,TR033,Turkey,Türkiye,TR,2020-01-01,2020-03-26,
Yenisehir,Yenişehir,TR033013,,,,,,Mersin,Mersin,TR033,Turkey,Türkiye,TR,2020-01-01,2020-03-26,
Adalar,Adalar,TR034001,,,,,,Istanbul,Istanbul,TR034,Turkey,Türkiye,TR,2020-01-01,2020-03-26,
Arnavutkoy,Arnavutköy,TR034002,,,,,,Istanbul,Istanbul,TR034,Turkey,Türkiye,TR,2020-01-01,2020-03-26,
Atasehir,Ataşehir,TR034003,,,,,,Istanbul,Istanbul,TR034,Turkey,Türkiye,TR,2020-01-01,2020-03-26,
Avcilar,Avcilar,TR034004,,,,,,Istanbul,Istanbul,TR034,Turkey,Türkiye,TR,2020-01-01,2020-03-26,
Bagcilar,Bağcilar,TR034005,,,,,,Istanbul,Istanbul,TR034,Turkey,Türkiye,TR,2020-01-01,2020-03-26,
Bahcelievler,Bahçelievler,TR034006,,,,,,Istanbul,Istanbul,TR034,Turkey,Türkiye,TR,2020-01-01,2020-03-26,
Bakirkoy,Bakirköy,TR034007,,,,,,Istanbul,Istanbul,TR034,Turkey,Türkiye,TR,2020-01-01,2020-03-26,
Basaksehir,Başakşehir,TR034008,,,,,,Istanbul,Istanbul,TR034,Turkey,Türkiye,TR,2020-01-01,2020-03-26,
Bayrampasa,Bayrampaşa,TR034009,,,,,,Istanbul,Istanbul,TR034,Turkey,Türkiye,TR,2020-01-01,2020-03-26,
Besiktas,Beşiktaş,TR034010,,,,,,Istanbul,Istanbul,TR034,Turkey,Türkiye,TR,2020-01-01,2020-03-26,
Beykoz,Beykoz,TR034011,,,,,,Istanbul,Istanbul,TR034,Turkey,Türkiye,TR,2020-01-01,2020-03-26,
Beylikduzu,Beylikdüzü,TR034012,,,,,,Istanbul,Istanbul,TR034,Turkey,Türkiye,TR,2020-01-01,2020-03-26,
Beyoglu,Beyoğlu,TR034013,,,,,,Istanbul,Istanbul,TR034,Turkey,Türkiye,TR,2020-01-01,2020-03-26,
Buyukcekmece,Büyükçekmece,TR034014,,,,,,Istanbul,Istanbul,TR034,Turkey,Türkiye,TR,2020-01-01,2020-03-26,
Catalca,Çatalca,TR034015,,,,,,Istanbul,Istanbul,TR034,Turkey,Türkiye,TR,2020-01-01,2020-03-26,
Cekmekoy,Çekmeköy,TR034016,,,,,,Istanbul,Istanbul,TR034,Turkey,Türkiye,TR,2020-01-01,2020-03-26,
Esenler,Esenler,TR034017,,,,,,Istanbul,Istanbul,TR034,Turkey,Türkiye,TR,2020-01-01,2020-03-26,
Esenyurt,Esenyurt,TR034018,,,,,,Istanbul,Istanbul,TR034,Turkey,Türkiye,TR,2020-01-01,2020-03-26,
Eyupsultan,Eyüpsultan,TR034019,,,,,,Istanbul,Istanbul,TR034,Turkey,Türkiye,TR,2020-01-01,2020-03-26,
Fatih,Fatih,TR034020,,,,,,Istanbul,Istanbul,TR034,Turkey,Türkiye,TR,2020-01-01,2020-03-26,
Gaziosmanpasa,Gaziosmanpaşa,TR034021,,,,,,Istanbul,Istanbul,TR034,Turkey,Türkiye,TR,2020-01-01,2020-03-26,
Gungoren,Güngören,TR034022,,,,,,Istanbul,Istanbul,TR034,Turkey,Türkiye,TR,2020-01-01,2020-03-26,
Kadikoy,Kadiköy,TR034023,,,,,,Istanbul,Istanbul,TR034,Turkey,Türkiye,TR,2020-01-01,2020-03-26,
Kagithane,Kağithane,TR034024,,,,,,Istanbul,Istanbul,TR034,Turkey,Türkiye,TR,2020-01-01,2020-03-26,
Kartal,Kartal,TR034025,,,,,,Istanbul,Istanbul,TR034,Turkey,Türkiye,TR,2020-01-01,2020-03-26,
Kucukcekmece,Küçükçekmece,TR034026,,,,,,Istanbul,Istanbul,TR034,Turkey,Türkiye,TR,2020-01-01,2020-03-26,
Maltepe,Maltepe,TR034027,,,,,,Istanbul,Istanbul,TR034,Turkey,Türkiye,TR,2020-01-01,2020-03-26,
Pendik,Pendik,TR034028,,,,,,Istanbul,Istanbul,TR034,Turkey,Türkiye,TR,2020-01-01,2020-03-26,
Sancaktepe,Sancaktepe,TR034029,,,,,,Istanbul,Istanbul,TR034,Turkey,Türkiye,TR,2020-01-01,2020-03-26,
Sariyer,Sariyer,TR034030,,,,,,Istanbul,Istanbul,TR034,Turkey,Türkiye,TR,2020-01-01,2020-03-26,
Silivri,Silivri,TR034031,,,,,,Istanbul,Istanbul,TR034,Turkey,Türkiye,TR,2020-01-01,2020-03-26,
Sultanbeyli,Sultanbeyli,TR034032,,,,,,Istanbul,Istanbul,TR034,Turkey,Türkiye,TR,2020-01-01,2020-03-26,
Sultangazi,Sultangazi,TR034033,,,,,,Istanbul,Istanbul,TR034,Turkey,Türkiye,TR,2020-01-01,2020-03-26,
Sile,Şile,TR034034,,,,,,Istanbul,Istanbul,TR034,Turkey,Türkiye,TR,2020-01-01,2020-03-26,
Sisli,Şişli,TR034035,,,,,,Istanbul,Istanbul,TR034,Turkey,Türkiye,TR,2020-01-01,2020-03-26,
Tuzla,Tuzla,TR034036,,,,,,Istanbul,Istanbul,TR034,Turkey,Türkiye,TR,2020-01-01,2020-03-26,
Umraniye,Ümraniye,TR034037,,,,,,Istanbul,Istanbul,TR034,Turkey,Türkiye,TR,2020-01-01,2020-03-26,
Uskudar,Üsküdar,TR034038,,,,,,Istanbul,Istanbul,TR034,Turkey,Türkiye,TR,2020-01-01,2020-03-26,
Zeytinburnu,Zeytinburnu,TR034039,,,,,,Istanbul,Istanbul,TR034,Turkey,Türkiye,TR,2020-01-01,2020-03-26,
Aliaga,Aliağa,TR035001,,,,,,Izmir,Izmir,TR035,Turkey,Türkiye,TR,2020-01-01,2020-03-26,
Balcova,Balçova,TR035002,,,,,,Izmir,Izmir,TR035,Turkey,Türkiye,TR,2020-01-01,2020-03-26,
Bayindir,Bayindir,TR035003,,,,,,Izmir,Izmir,TR035,Turkey,Türkiye,TR,2020-01-01,2020-03-26,
Bayrakli,Bayrakli,TR035004,,,,,,Izmir,Izmir,TR035,Turkey,Türkiye,TR,2020-01-01,2020-03-26,
Bergama,Bergama,TR035005,,,,,,Izmir,Izmir,TR035,Turkey,Türkiye,TR,2020-01-01,2020-03-26,
Beydag,Beydağ,TR035006,,,,,,Izmir,Izmir,TR035,Turkey,Türkiye,TR,2020-01-01,2020-03-26,
Bornova,Bornova,TR035007,,,,,,Izmir,Izmir,TR035,Turkey,Türkiye,TR,2020-01-01,2020-03-26,
Buca,Buca,TR035008,,,,,,Izmir,Izmir,TR035,Turkey,Türkiye,TR,2020-01-01,2020-03-26,
Cesme,Çeşme,TR035009,,,,,,Izmir,Izmir,TR035,Turkey,Türkiye,TR,2020-01-01,2020-03-26,
Cigli,Çiğli,TR035010,,,,,,Izmir,Izmir,TR035,Turkey,Türkiye,TR,2020-01-01,2020-03-26,
Dikili,Dikili,TR035011,,,,,,Izmir,Izmir,TR035,Turkey,Türkiye,TR,2020-01-01,2020-03-26,
Foca,Foça,TR035012,,,,,,Izmir,Izmir,TR035,Turkey,Türkiye,TR,2020-01-01,2020-03-26,
Gaziemir,Gaziemir,TR035013,,,,,,Izmir,Izmir,TR035,Turkey,Türkiye,TR,2020-01-01,2020-03-26,
Guzelbahce,Güzelbahçe,TR035014,,,,,,Izmir,Izmir,TR035,Turkey,Türkiye,TR,2020-01-01,2020-03-26,
Karabaglar,Karabağlar,TR035015,,,,,,Izmir,Izmir,TR035,Turkey,Türkiye,TR,2020-01-01,2020-03-26,
Karaburun,Karaburun,TR035016,,,,,,Izmir,Izmir,TR035,Turkey,Türkiye,TR,2020-01-01,2020-03-26,
Karsiyaka,Karşiyaka,TR035017,,,,,,Izmir,Izmir,TR035,Turkey,Türkiye,TR,2020-01-01,2020-03-26,
Kemalpasa,Kemalpaşa,TR035018,,,,,,Izmir,Izmir,TR035,Turkey,Türkiye,TR,2020-01-01,2020-03-26,
Kinik,Kinik,TR035019,,,,,,Izmir,Izmir,TR035,Turkey,Türkiye,TR,2020-01-01,2020-03-26,
Kiraz,Kiraz,TR035020,,,,,,Izmir,Izmir,TR035,Turkey,Türkiye,TR,2020-01-01,2020-03-26,
Konak,Konak,TR035021,,,,,,Izmir,Izmir,TR035,Turkey,Türkiye,TR,2020-01-01,2020-03-26,
Menderes,Menderes,TR035022,,,,,,Izmir,Izmir,TR035,Turkey,Türkiye,TR,2020-01-01,2020-03-26,
Menemen,Menemen,TR035023,,,,,,Izmir,Izmir,TR035,Turkey,Türkiye,TR,2020-01-01,2020-03-26,
Narlidere,Narlidere,TR035024,,,,,,Izmir,Izmir,TR035,Turkey,Türkiye,TR,2020-01-01,2020-03-26,
Odemis,Ödemiş,TR035025,,,,,,Izmir,Izmir,TR035,Turkey,Türkiye,TR,2020-01-01,2020-03-26,
Seferihisar,Seferihisar,TR035026,,,,,,Izmir,Izmir,TR035,Turkey,Türkiye,TR,2020-01-01,2020-03-26,
Selcuk,Selçuk,TR035027,,,,,,Izmir,Izmir,TR035,Turkey,Türkiye,TR,2020-01-01,2020-03-26,
Tire,Tire,TR035028,,,,,,Izmir,Izmir,TR035,Turkey,Türkiye,TR,2020-01-01,2020-03-26,
Torbali,Torbali,TR035029,,,,,,Izmir,Izmir,TR035,Turkey,Türkiye,TR,2020-01-01,2020-03-26,
Urla,Urla,TR035030,,,,,,Izmir,Izmir,TR035,Turkey,Türkiye,TR,2020-01-01,2020-03-26,
Akyaka,Akyaka,TR036001,,,,,,Kars,Kars,TR036,Turkey,Türkiye,TR,2020-01-01,2020-03-26,
Arpacay,Arpaçay,TR036002,,,,,,Kars,Kars,TR036,Turkey,Türkiye,TR,2020-01-01,2020-03-26,
Digor,Digor,TR036003,,,,,,Kars,Kars,TR036,Turkey,Türkiye,TR,2020-01-01,2020-03-26,
Kagizman,Kağizman,TR036004,,,,,,Kars,Kars,TR036,Turkey,Türkiye,TR,2020-01-01,2020-03-26,
Kars,Kars,TR036005,,,,,,Kars,Kars,TR036,Turkey,Türkiye,TR,2020-01-01,2020-03-26,
Sarikamis,Sarikamiş,TR036006,,,,,,Kars,Kars,TR036,Turkey,Türkiye,TR,2020-01-01,2020-03-26,
Selim,Selim,TR036007,,,,,,Kars,Kars,TR036,Turkey,Türkiye,TR,2020-01-01,2020-03-26,
Susuz,Susuz,TR036008,,,,,,Kars,Kars,TR036,Turkey,Türkiye,TR,2020-01-01,2020-03-26,
Abana,Abana,TR037001,,,,,,Kastamonu,Kastamonu,TR037,Turkey,Türkiye,TR,2020-01-01,2020-03-26,
Agli,Ağli,TR037002,,,,,,Kastamonu,Kastamonu,TR037,Turkey,Türkiye,TR,2020-01-01,2020-03-26,
Arac,Araç,TR037003,,,,,,Kastamonu,Kastamonu,TR037,Turkey,Türkiye,TR,2020-01-01,2020-03-26,
Azdavay,Azdavay,TR037004,,,,,,Kastamonu,Kastamonu,TR037,Turkey,Türkiye,TR,2020-01-01,2020-03-26,
Bozkurt,Bozkurt,TR037005,,,,,,Kastamonu,Kastamonu,TR037,Turkey,Türkiye,TR,2020-01-01,2020-03-26,
Cide,Cide,TR037006,,,,,,Kastamonu,Kastamonu,TR037,Turkey,Türkiye,TR,2020-01-01,2020-03-26,
Catalzeytin,Çatalzeytin,TR037007,,,,,,Kastamonu,Kastamonu,TR037,Turkey,Türkiye,TR,2020-01-01,2020-03-26,
Daday,Daday,TR037008,,,,,,Kastamonu,Kastamonu,TR037,Turkey,Türkiye,TR,2020-01-01,2020-03-26,
Devrekani,Devrekani,TR037009,,,,,,Kastamonu,Kastamonu,TR037,Turkey,Türkiye,TR,2020-01-01,2020-03-26,
Doganyurt,Doğanyurt,TR037010,,,,,,Kastamonu,Kastamonu,TR037,Turkey,Türkiye,TR,2020-01-01,2020-03-26,
Hanonu,Hanönü,TR037011,,,,,,Kastamonu,Kastamonu,TR037,Turkey,Türkiye,TR,2020-01-01,2020-03-26,
Ihsangazi,Ihsangazi,TR037012,,,,,,Kastamonu,Kastamonu,TR037,Turkey,Türkiye,TR,2020-01-01,2020-03-26,
Inebolu,Inebolu,TR037013,,,,,,Kastamonu,Kastamonu,TR037,Turkey,Türkiye,TR,2020-01-01,2020-03-26,
Kastamonu,Kastamonu,TR037014,,,,,,Kastamonu,Kastamonu,TR037,Turkey,Türkiye,TR,2020-01-01,2020-03-26,
Kure,Küre,TR037015,,,,,,Kastamonu,Kastamonu,TR037,Turkey,Türkiye,TR,2020-01-01,2020-03-26,
Pinarbasi,Pinarbaşi,TR037016,,,,,,Kastamonu,Kastamonu,TR037,Turkey,Türkiye,TR,2020-01-01,2020-03-26,
Seydiler,Seydiler,TR037017,,,,,,Kastamonu,Kastamonu,TR037,Turkey,Türkiye,TR,2020-01-01,2020-03-26,
Senpazar,Şenpazar,TR037018,,,,,,Kastamonu,Kastamonu,TR037,Turkey,Türkiye,TR,2020-01-01,2020-03-26,
Taskopru,Taşköprü,TR037019,,,,,,Kastamonu,Kastamonu,TR037,Turkey,Türkiye,TR,2020-01-01,2020-03-26,
Tosya,Tosya,TR037020,,,,,,Kastamonu,Kastamonu,TR037,Turkey,Türkiye,TR,2020-01-01,2020-03-26,
Akkisla,Akkişla,TR038001,,,,,,Kayseri,Kayseri,TR038,Turkey,Türkiye,TR,2020-01-01,2020-03-26,
Bunyan,Bünyan,TR038002,,,,,,Kayseri,Kayseri,TR038,Turkey,Türkiye,TR,2020-01-01,2020-03-26,
Develi,Develi,TR038003,,,,,,Kayseri,Kayseri,TR038,Turkey,Türkiye,TR,2020-01-01,2020-03-26,
Felahiye,Felahiye,TR038004,,,,,,Kayseri,Kayseri,TR038,Turkey,Türkiye,TR,2020-01-01,2020-03-26,
Hacilar,Hacilar,TR038005,,,,,,Kayseri,Kayseri,TR038,Turkey,Türkiye,TR,2020-01-01,2020-03-26,
Incesu,Incesu,TR038006,,,,,,Kayseri,Kayseri,TR038,Turkey,Türkiye,TR,2020-01-01,2020-03-26,
Kocasinan,Kocasinan,TR038007,,,,,,Kayseri,Kayseri,TR038,Turkey,Türkiye,TR,2020-01-01,2020-03-26,
Melikgazi,Melikgazi,TR038008,,,,,,Kayseri,Kayseri,TR038,Turkey,Türkiye,TR,2020-01-01,2020-03-26,
Ozvatan,Özvatan,TR038009,,,,,,Kayseri,Kayseri,TR038,Turkey,Türkiye,TR,2020-01-01,2020-03-26,
Pinarbasi,Pinarbaşi,TR038010,,,,,,Kayseri,Kayseri,TR038,Turkey,Türkiye,TR,2020-01-01,2020-03-26,
Sarioglan,Sarioğlan,TR038011,,,,,,Kayseri,Kayseri,TR038,Turkey,Türkiye,TR,2020-01-01,2020-03-26,
Sariz,Sariz,TR038012,,,,,,Kayseri,Kayseri,TR038,Turkey,Türkiye,TR,2020-01-01,2020-03-26,
Talas,Talas,TR038013,,,,,,Kayseri,Kayseri,TR038,Turkey,Türkiye,TR,2020-01-01,2020-03-26,
Tomarza,Tomarza,TR038014,,,,,,Kayseri,Kayseri,TR038,Turkey,Türkiye,TR,2020-01-01,2020-03-26,
Yahyali,Yahyali,TR038015,,,,,,Kayseri,Kayseri,TR038,Turkey,Türkiye,TR,2020-01-01,2020-03-26,
Yesilhisar,Yeşilhisar,TR038016,,,,,,Kayseri,Kayseri,TR038,Turkey,Türkiye,TR,2020-01-01,2020-03-26,
Babaeski,Babaeski,TR039001,,,,,,Kirklareli,Kirklareli,TR039,Turkey,Türkiye,TR,2020-01-01,2020-03-26,
Demirkoy,Demirköy,TR039002,,,,,,Kirklareli,Kirklareli,TR039,Turkey,Türkiye,TR,2020-01-01,2020-03-26,
Kirklareli,Kirklareli,TR039003,,,,,,Kirklareli,Kirklareli,TR039,Turkey,Türkiye,TR,2020-01-01,2020-03-26,
Kofcaz,Kofçaz,TR039004,,,,,,Kirklareli,Kirklareli,TR039,Turkey,Türkiye,TR,2020-01-01,2020-03-26,
Luleburgaz,Lüleburgaz,TR039005,,,,,,Kirklareli,Kirklareli,TR039,Turkey,Türkiye,TR,2020-01-01,2020-03-26,
Pehlivankoy,Pehlivanköy,TR039006,,,,,,Kirklareli,Kirklareli,TR039,Turkey,Türkiye,TR,2020-01-01,2020-03-26,
Pinarhisar,Pinarhisar,TR039007,,,,,,Kirklareli,Kirklareli,TR039,Turkey,Türkiye,TR,2020-01-01,2020-03-26,
Vize,Vize,TR039008,,,,,,Kirklareli,Kirklareli,TR039,Turkey,Türkiye,TR,2020-01-01,2020-03-26,
Akcakent,Akçakent,TR040001,,,,,,Kirsehir,Kirşehir,TR040,Turkey,Türkiye,TR,2020-01-01,2020-03-26,
Akpinar,Akpinar,TR040002,,,,,,Kirsehir,Kirşehir,TR040,Turkey,Türkiye,TR,2020-01-01,2020-03-26,
Boztepe,Boztepe,TR040003,,,,,,Kirsehir,Kirşehir,TR040,Turkey,Türkiye,TR,2020-01-01,2020-03-26,
Cicekdagi,Çiçekdaği,TR040004,,,,,,Kirsehir,Kirşehir,TR040,Turkey,Türkiye,TR,2020-01-01,2020-03-26,
Kaman,Kaman,TR040005,,,,,,Kirsehir,Kirşehir,TR040,Turkey,Türkiye,TR,2020-01-01,2020-03-26,
Kirsehir,Kirşehir,TR040006,,,,,,Kirsehir,Kirşehir,TR040,Turkey,Türkiye,TR,2020-01-01,2020-03-26,
Mucur,Mucur,TR040007,,,,,,Kirsehir,Kirşehir,TR040,Turkey,Türkiye,TR,2020-01-01,2020-03-26,
Basiskele,Başiskele,TR041001,,,,,,Kocaeli,Kocaeli,TR041,Turkey,Türkiye,TR,2020-01-01,2020-03-26,
Cayirova,Çayirova,TR041002,,,,,,Kocaeli,Kocaeli,TR041,Turkey,Türkiye,TR,2020-01-01,2020-03-26,
Darica,Darica,TR041003,,,,,,Kocaeli,Kocaeli,TR041,Turkey,Türkiye,TR,2020-01-01,2020-03-26,
Derince,Derince,TR041004,,,,,,Kocaeli,Kocaeli,TR041,Turkey,Türkiye,TR,2020-01-01,2020-03-26,
Dilovasi,Dilovasi,TR041005,,,,,,Kocaeli,Kocaeli,TR041,Turkey,Türkiye,TR,2020-01-01,2020-03-26,
Gebze,Gebze,TR041006,,,,,,Kocaeli,Kocaeli,TR041,Turkey,Türkiye,TR,2020-01-01,2020-03-26,
Golcuk,Gölcük,TR041007,,,,,,Kocaeli,Kocaeli,TR041,Turkey,Türkiye,TR,2020-01-01,2020-03-26,
Izmit,Izmit,TR041008,,,,,,Kocaeli,Kocaeli,TR041,Turkey,Türkiye,TR,2020-01-01,2020-03-26,
Kandira,Kandira,TR041009,,,,,,Kocaeli,Kocaeli,TR041,Turkey,Türkiye,TR,2020-01-01,2020-03-26,
Karamursel,Karamürsel,TR041010,,,,,,Kocaeli,Kocaeli,TR041,Turkey,Türkiye,TR,2020-01-01,2020-03-26,
Kartepe,Kartepe,TR041011,,,,,,Kocaeli,Kocaeli,TR041,Turkey,Türkiye,TR,2020-01-01,2020-03-26,
Korfez,Körfez,TR041012,,,,,,Kocaeli,Kocaeli,TR041,Turkey,Türkiye,TR,2020-01-01,2020-03-26,
Ahirli,Ahirli,TR042001,,,,,,Konya,Konya,TR042,Turkey,Türkiye,TR,2020-01-01,2020-03-26,
Akoren,Akören,TR042002,,,,,,Konya,Konya,TR042,Turkey,Türkiye,TR,2020-01-01,2020-03-26,
Aksehir,Akşehir,TR042003,,,,,,Konya,Konya,TR042,Turkey,Türkiye,TR,2020-01-01,2020-03-26,
Altinekin,Altinekin,TR042004,,,,,,Konya,Konya,TR042,Turkey,Türkiye,TR,2020-01-01,2020-03-26,
Beysehir,Beyşehir,TR042005,,,,,,Konya,Konya,TR042,Turkey,Türkiye,TR,2020-01-01,2020-03-26,
Bozkir,Bozkir,TR042006,,,,,,Konya,Konya,TR042,Turkey,Türkiye,TR,2020-01-01,2020-03-26,
Cihanbeyli,Cihanbeyli,TR042007,,,,,,Konya,Konya,TR042,Turkey,Türkiye,TR,2020-01-01,2020-03-26,
Celtik,Çeltik,TR042008,,,,,,Konya,Konya,TR042,Turkey,Türkiye,TR,2020-01-01,2020-03-26,
Cumra,Çumra,TR042009,,,,,,Konya,Konya,TR042,Turkey,Türkiye,TR,2020-01-01,2020-03-26,
Derbent,Derbent,TR042010,,,,,,Konya,Konya,TR042,Turkey,Türkiye,TR,2020-01-01,2020-03-26,
Derebucak,Derebucak,TR042011,,,,,,Konya,Konya,TR042,Turkey,Türkiye,TR,2020-01-01,2020-03-26,
Doganhisar,Doğanhisar,TR042012,,,,,,Konya,Konya,TR042,Turkey,Türkiye,TR,2020-01-01,2020-03-26,
Emirgazi,Emirgazi,TR042013,,,,,,Konya,Konya,TR042,Turkey,Türkiye,TR,2020-01-01,2020-03-26,
Eregli,Ereğli,TR042014,,,,,,Konya,Konya,TR042,Turkey,Türkiye,TR,2020-01-01,2020-03-26,
Guneysinir,Güneysinir,TR042015,,,,,,Konya,Konya,TR042,Turkey,Türkiye,TR,2020-01-01,2020-03-26,
Hadim,Hadim,TR042016,,,,,,Konya,Konya,TR042,Turkey,Türkiye,TR,2020-01-01,2020-03-26,
Halkapinar,Halkapinar,TR042017,,,,,,Konya,Konya,TR042,Turkey,Türkiye,TR,2020-01-01,2020-03-26,
Huyuk,Hüyük,TR042018,,,,,,Konya,Konya,TR042,Turkey,Türkiye,TR,2020-01-01,2020-03-26,
Ilgin,Ilgin,TR042019,,,,,,Konya,Konya,TR042,Turkey,Türkiye,TR,2020-01-01,2020-03-26,
Kadinhani,Kadinhani,TR042020,,,,,,Konya,Konya,TR042,Turkey,Türkiye,TR,2020-01-01,2020-03-26,
Karapinar,Karapinar,TR042021,,,,,,Konya,Konya,TR042,Turkey,Türkiye,TR,2020-01-01,2020-03-26,
Karatay,Karatay,TR042022,,,,,,Konya,Konya,TR042,Turkey,Türkiye,TR,2020-01-01,2020-03-26,
Kulu,Kulu,TR042023,,,,,,Konya,Konya,TR042,Turkey,Türkiye,TR,2020-01-01,2020-03-26,
Meram,Meram,TR042024,,,,,,Konya,Konya,TR042,Turkey,Türkiye,TR,2020-01-01,2020-03-26,
Sarayonu,Sarayönü,TR042025,,,,,,Konya,Konya,TR042,Turkey,Türkiye,TR,2020-01-01,2020-03-26,
Selcuklu,Selçuklu,TR042026,,,,,,Konya,Konya,TR042,Turkey,Türkiye,TR,2020-01-01,2020-03-26,
Seydisehir,Seydişehir,TR042027,,,,,,Konya,Konya,TR042,Turkey,Türkiye,TR,2020-01-01,2020-03-26,
Taskent,Taşkent,TR042028,,,,,,Konya,Konya,TR042,Turkey,Türkiye,TR,2020-01-01,2020-03-26,
Tuzlukcu,Tuzlukçu,TR042029,,,,,,Konya,Konya,TR042,Turkey,Türkiye,TR,2020-01-01,2020-03-26,
Yalihuyuk,Yalihüyük,TR042030,,,,,,Konya,Konya,TR042,Turkey,Türkiye,TR,2020-01-01,2020-03-26,
Yunak,Yunak,TR042031,,,,,,Konya,Konya,TR042,Turkey,Türkiye,TR,2020-01-01,2020-03-26,
Altintas,Altintaş,TR043001,,,,,,Kutahya,Kütahya,TR043,Turkey,Türkiye,TR,2020-01-01,2020-03-26,
Aslanapa,Aslanapa,TR043002,,,,,,Kutahya,Kütahya,TR043,Turkey,Türkiye,TR,2020-01-01,2020-03-26,
Cavdarhisar,Çavdarhisar,TR043003,,,,,,Kutahya,Kütahya,TR043,Turkey,Türkiye,TR,2020-01-01,2020-03-26,
Domanic,Domaniç,TR043004,,,,,,Kutahya,Kütahya,TR043,Turkey,Türkiye,TR,2020-01-01,2020-03-26,
Dumlupinar,Dumlupinar,TR043005,,,,,,Kutahya,Kütahya,TR043,Turkey,Türkiye,TR,2020-01-01,2020-03-26,
Emet,Emet,TR043006,,,,,,Kutahya,Kütahya,TR043,Turkey,Türkiye,TR,2020-01-01,2020-03-26,
Gediz,Gediz,TR043007,,,,,,Kutahya,Kütahya,TR043,Turkey,Türkiye,TR,2020-01-01,2020-03-26,
Hisarcik,Hisarcik,TR043008,,,,,,Kutahya,Kütahya,TR043,Turkey,Türkiye,TR,2020-01-01,2020-03-26,
Kutahya,Kütahya,TR043009,,,,,,Kutahya,Kütahya,TR043,Turkey,Türkiye,TR,2020-01-01,2020-03-26,
Pazarlar,Pazarlar,TR043010,,,,,,Kutahya,Kütahya,TR043,Turkey,Türkiye,TR,2020-01-01,2020-03-26,
Simav,Simav,TR043011,,,,,,Kutahya,Kütahya,TR043,Turkey,Türkiye,TR,2020-01-01,2020-03-26,
Saphane,Şaphane,TR043012,,,,,,Kutahya,Kütahya,TR043,Turkey,Türkiye,TR,2020-01-01,2020-03-26,
Tavsanli,Tavşanli,TR043013,,,,,,Kutahya,Kütahya,TR043,Turkey,Türkiye,TR,2020-01-01,2020-03-26,
Akcadag,Akçadağ,TR044001,,,,,,Malatya,Malatya,TR044,Turkey,Türkiye,TR,2020-01-01,2020-03-26,
Arapgir,Arapgir,TR044002,,,,,,Malatya,Malatya,TR044,Turkey,Türkiye,TR,2020-01-01,2020-03-26,
Arguvan,Arguvan,TR044003,,,,,,Malatya,Malatya,TR044,Turkey,Türkiye,TR,2020-01-01,2020-03-26,
Battalgazi,Battalgazi,TR044004,,,,,,Malatya,Malatya,TR044,Turkey,Türkiye,TR,2020-01-01,2020-03-26,
Darende,Darende,TR044005,,,,,,Malatya,Malatya,TR044,Turkey,Türkiye,TR,2020-01-01,2020-03-26,
Dogansehir,Doğanşehir,TR044006,,,,,,Malatya,Malatya,TR044,Turkey,Türkiye,TR,2020-01-01,2020-03-26,
Doganyol,Doğanyol,TR044007,,,,,,Malatya,Malatya,TR044,Turkey,Türkiye,TR,2020-01-01,2020-03-26,
Hekimhan,Hekimhan,TR044008,,,,,,Malatya,Malatya,TR044,Turkey,Türkiye,TR,2020-01-01,2020-03-26,
Kale,Kale,TR044009,,,,,,Malatya,Malatya,TR044,Turkey,Türkiye,TR,2020-01-01,2020-03-26,
Kuluncak,Kuluncak,TR044010,,,,,,Malatya,Malatya,TR044,Turkey,Türkiye,TR,2020-01-01,2020-03-26,
Puturge,Pütürge,TR044011,,,,,,Malatya,Malatya,TR044,Turkey,Türkiye,TR,2020-01-01,2020-03-26,
Yazihan,Yazihan,TR044012,,,,,,Malatya,Malatya,TR044,Turkey,Türkiye,TR,2020-01-01,2020-03-26,
Yesilyurt,Yeşilyurt,TR044013,,,,,,Malatya,Malatya,TR044,Turkey,Türkiye,TR,2020-01-01,2020-03-26,
Ahmetli,Ahmetli,TR045001,,,,,,Manisa,Manisa,TR045,Turkey,Türkiye,TR,2020-01-01,2020-03-26,
Akhisar,Akhisar,TR045002,,,,,,Manisa,Manisa,TR045,Turkey,Türkiye,TR,2020-01-01,2020-03-26,
Alasehir,Alaşehir,TR045003,,,,,,Manisa,Manisa,TR045,Turkey,Türkiye,TR,2020-01-01,2020-03-26,
Demirci,Demirci,TR045004,,,,,,Manisa,Manisa,TR045,Turkey,Türkiye,TR,2020-01-01,2020-03-26,
Golmarmara,Gölmarmara,TR045005,,,,,,Manisa,Manisa,TR045,Turkey,Türkiye,TR,2020-01-01,2020-03-26,
Gordes,Gördes,TR045006,,,,,,Manisa,Manisa,TR045,Turkey,Türkiye,TR,2020-01-01,2020-03-26,
Kirkagac,Kirkağaç,TR045007,,,,,,Manisa,Manisa,TR045,Turkey,Türkiye,TR,2020-01-01,2020-03-26,
Koprubasi,Köprübaşi,TR045008,,,,,,Manisa,Manisa,TR045,Turkey,Türkiye,TR,2020-01-01,2020-03-26,
Kula,Kula,TR045009,,,,,,Manisa,Manisa,TR045,Turkey,Türkiye,TR,2020-01-01,2020-03-26,
Salihli,Salihli,TR045010,,,,,,Manisa,Manisa,TR045,Turkey,Türkiye,TR,2020-01-01,2020-03-26,
Sarigol,Sarigöl,TR045011,,,,,,Manisa,Manisa,TR045,Turkey,Türkiye,TR,2020-01-01,2020-03-26,
Saruhanli,Saruhanli,TR045012,,,,,,Manisa,Manisa,TR045,Turkey,Türkiye,TR,2020-01-01,2020-03-26,
Selendi,Selendi,TR045013,,,,,,Manisa,Manisa,TR045,Turkey,Türkiye,TR,2020-01-01,2020-03-26,
Soma,Soma,TR045014,,,,,,Manisa,Manisa,TR045,Turkey,Türkiye,TR,2020-01-01,2020-03-26,
Sehzadeler,Şehzadeler,TR045015,,,,,,Manisa,Manisa,TR045,Turkey,Türkiye,TR,2020-01-01,2020-03-26,
Turgutlu,Turgutlu,TR045016,,,,,,Manisa,Manisa,TR045,Turkey,Türkiye,TR,2020-01-01,2020-03-26,
Yunusemre,Yunusemre,TR045017,,,,,,Manisa,Manisa,TR045,Turkey,Türkiye,TR,2020-01-01,2020-03-26,
Afsin,Afşin,TR046001,,,,,,Kahramanmaras,Kahramanmaraş,TR046,Turkey,Türkiye,TR,2020-01-01,2020-03-26,
Andirin,Andirin,TR046002,,,,,,Kahramanmaras,Kahramanmaraş,TR046,Turkey,Türkiye,TR,2020-01-01,2020-03-26,
Caglayancerit,Çağlayancerit,TR046003,,,,,,Kahramanmaras,Kahramanmaraş,TR046,Turkey,Türkiye,TR,2020-01-01,2020-03-26,
Dulkadiroglu,Dulkadiroğlu,TR046004,,,,,,Kahramanmaras,Kahramanmaraş,TR046,Turkey,Türkiye,TR,2020-01-01,2020-03-26,
Ekinozu,Ekinözü,TR046005,,,,,,Kahramanmaras,Kahramanmaraş,TR046,Turkey,Türkiye,TR,2020-01-01,2020-03-26,
Elbistan,Elbistan,TR046006,,,,,,Kahramanmaras,Kahramanmaraş,TR046,Turkey,Türkiye,TR,2020-01-01,2020-03-26,
Goksun,Göksun,TR046007,,,,,,Kahramanmaras,Kahramanmaraş,TR046,Turkey,Türkiye,TR,2020-01-01,2020-03-26,
Nurhak,Nurhak,TR046008,,,,,,Kahramanmaras,Kahramanmaraş,TR046,Turkey,Türkiye,TR,2020-01-01,2020-03-26,
Onikisubat,Onikişubat,TR046009,,,,,,Kahramanmaras,Kahramanmaraş,TR046,Turkey,Türkiye,TR,2020-01-01,2020-03-26,
Pazarcik,Pazarcik,TR046010,,,,,,Kahramanmaras,Kahramanmaraş,TR046,Turkey,Türkiye,TR,2020-01-01,2020-03-26,
Turkoglu,Türkoğlu,TR046011,,,,,,Kahramanmaras,Kahramanmaraş,TR046,Turkey,Türkiye,TR,2020-01-01,2020-03-26,
Artuklu,Artuklu,TR047001,,,,,,Mardin,Mardin,TR047,Turkey,Türkiye,TR,2020-01-01,2020-03-26,
Dargecit,Dargeçit,TR047002,,,,,,Mardin,Mardin,TR047,Turkey,Türkiye,TR,2020-01-01,2020-03-26,
Derik,Derik,TR047003,,,,,,Mardin,Mardin,TR047,Turkey,Türkiye,TR,2020-01-01,2020-03-26,
Kiziltepe,Kiziltepe,TR047004,,,,,,Mardin,Mardin,TR047,Turkey,Türkiye,TR,2020-01-01,2020-03-26,
Mazidagi,Mazidaği,TR047005,,,,,,Mardin,Mardin,TR047,Turkey,Türkiye,TR,2020-01-01,2020-03-26,
Midyat,Midyat,TR047006,,,,,,Mardin,Mardin,TR047,Turkey,Türkiye,TR,2020-01-01,2020-03-26,
Nusaybin,Nusaybin,TR047007,,,,,,Mardin,Mardin,TR047,Turkey,Türkiye,TR,2020-01-01,2020-03-26,
Omerli,Ömerli,TR047008,,,,,,Mardin,Mardin,TR047,Turkey,Türkiye,TR,2020-01-01,2020-03-26,
Savur,Savur,TR047009,,,,,,Mardin,Mardin,TR047,Turkey,Türkiye,TR,2020-01-01,2020-03-26,
Yesilli,Yeşilli,TR047010,,,,,,Mardin,Mardin,TR047,Turkey,Türkiye,TR,2020-01-01,2020-03-26,
Bodrum,Bodrum,TR048001,,,,,,Mugla,Muğla,TR048,Turkey,Türkiye,TR,2020-01-01,2020-03-26,
Dalaman,Dalaman,TR048002,,,,,,Mugla,Muğla,TR048,Turkey,Türkiye,TR,2020-01-01,2020-03-26,
Datca,Datça,TR048003,,,,,,Mugla,Muğla,TR048,Turkey,Türkiye,TR,2020-01-01,2020-03-26,
Fethiye,Fethiye,TR048004,,,,,,Mugla,Muğla,TR048,Turkey,Türkiye,TR,2020-01-01,2020-03-26,
Kavaklidere,Kavaklidere,TR048005,,,,,,Mugla,Muğla,TR048,Turkey,Türkiye,TR,2020-01-01,2020-03-26,
Koycegiz,Köyceğiz,TR048006,,,,,,Mugla,Muğla,TR048,Turkey,Türkiye,TR,2020-01-01,2020-03-26,
Marmaris,Marmaris,TR048007,,,,,,Mugla,Muğla,TR048,Turkey,Türkiye,TR,2020-01-01,2020-03-26,
Mentese,Menteşe,TR048008,,,,,,Mugla,Muğla,TR048,Turkey,Türkiye,TR,2020-01-01,2020-03-26,
Milas,Milas,TR048009,,,,,,Mugla,Muğla,TR048,Turkey,Türkiye,TR,2020-01-01,2020-03-26,
Ortaca,Ortaca,TR048010,,,,,,Mugla,Muğla,TR048,Turkey,Türkiye,TR,2020-01-01,2020-03-26,
Seydikemer,Seydikemer,TR048011,,,,,,Mugla,Muğla,TR048,Turkey,Türkiye,TR,2020-01-01,2020-03-26,
Ula,Ula,TR048012,,,,,,Mugla,Muğla,TR048,Turkey,Türkiye,TR,2020-01-01,2020-03-26,
Yatagan,Yatağan,TR048013,,,,,,Mugla,Muğla,TR048,Turkey,Türkiye,TR,2020-01-01,2020-03-26,
Bulanik,Bulanik,TR049001,,,,,,Mus,Muş,TR049,Turkey,Türkiye,TR,2020-01-01,2020-03-26,
Haskoy,Hasköy,TR049002,,,,,,Mus,Muş,TR049,Turkey,Türkiye,TR,2020-01-01,2020-03-26,
Korkut,Korkut,TR049003,,,,,,Mus,Muş,TR049,Turkey,Türkiye,TR,2020-01-01,2020-03-26,
Malazgirt,Malazgirt,TR049004,,,,,,Mus,Muş,TR049,Turkey,Türkiye,TR,2020-01-01,2020-03-26,
Mus,Muş,TR049005,,,,,,Mus,Muş,TR049,Turkey,Türkiye,TR,2020-01-01,2020-03-26,
Varto,Varto,TR049006,,,,,,Mus,Muş,TR049,Turkey,Türkiye,TR,2020-01-01,2020-03-26,
Acigol,Acigöl,TR050001,,,,,,Nevsehir,Nevşehir,TR050,Turkey,Türkiye,TR,2020-01-01,2020-03-26,
Avanos,Avanos,TR050002,,,,,,Nevsehir,Nevşehir,TR050,Turkey,Türkiye,TR,2020-01-01,2020-03-26,
Derinkuyu,Derinkuyu,TR050003,,,,,,Nevsehir,Nevşehir,TR050,Turkey,Türkiye,TR,2020-01-01,2020-03-26,
Gulsehir,Gülşehir,TR050004,,,,,,Nevsehir,Nevşehir,TR050,Turkey,Türkiye,TR,2020-01-01,2020-03-26,
Hacibektas,Hacibektaş,TR050005,,,,,,Nevsehir,Nevşehir,TR050,Turkey,Türkiye,TR,2020-01-01,2020-03-26,
Kozakli,Kozakli,TR050006,,,,,,Nevsehir,Nevşehir,TR050,Turkey,Türkiye,TR,2020-01-01,2020-03-26,
Nevsehir,Nevşehir,TR050007,,,,,,Nevsehir,Nevşehir,TR050,Turkey,Türkiye,TR,2020-01-01,2020-03-26,
Urgup,Ürgüp,TR050008,,,,,,Nevsehir,Nevşehir,TR050,Turkey,Türkiye,TR,2020-01-01,2020-03-26,
Altunhisar,Altunhisar,TR051001,,,,,,Nigde,Niğde,TR051,Turkey,Türkiye,TR,2020-01-01,2020-03-26,
Bor,Bor,TR051002,,,,,,Nigde,Niğde,TR051,Turkey,Türkiye,TR,2020-01-01,2020-03-26,
Camardi,Çamardi,TR051003,,,,,,Nigde,Niğde,TR051,Turkey,Türkiye,TR,2020-01-01,2020-03-26,
Ciftlik,Çiftlik,TR051004,,,,,,Nigde,Niğde,TR051,Turkey,Türkiye,TR,2020-01-01,2020-03-26,
Nigde,Niğde,TR051005,,,,,,Nigde,Niğde,TR051,Turkey,Türkiye,TR,2020-01-01,2020-03-26,
Ulukisla,Ulukişla,TR051006,,,,,,Nigde,Niğde,TR051,Turkey,Türkiye,TR,2020-01-01,2020-03-26,
Akkus,Akkuş,TR052001,,,,,,Ordu,Ordu,TR052,Turkey,Türkiye,TR,2020-01-01,2020-03-26,
Altinordu,Altinordu,TR052002,,,,,,Ordu,Ordu,TR052,Turkey,Türkiye,TR,2020-01-01,2020-03-26,
Aybasti,Aybasti,TR052003,,,,,,Ordu,Ordu,TR052,Turkey,Türkiye,TR,2020-01-01,2020-03-26,
Camas,Çamaş,TR052004,,,,,,Ordu,Ordu,TR052,Turkey,Türkiye,TR,2020-01-01,2020-03-26,
Catalpinar,Çatalpinar,TR052005,,,,,,Ordu,Ordu,TR052,Turkey,Türkiye,TR,2020-01-01,2020-03-26,
Caybasi,Çaybaşi,TR052006,,,,,,Ordu,Ordu,TR052,Turkey,Türkiye,TR,2020-01-01,2020-03-26,
Fatsa,Fatsa,TR052007,,,,,,Ordu,Ordu,TR052,Turkey,Türkiye,TR,2020-01-01,2020-03-26,
Golkoy,Gölköy,TR052008,,,,,,Ordu,Ordu,TR052,Turkey,Türkiye,TR,2020-01-01,2020-03-26,
Gulyali,Gülyali,TR052009,,,,,,Ordu,Ordu,TR052,Turkey,Türkiye,TR,2020-01-01,2020-03-26,
Gurgentepe,Gürgentepe,TR052010,,,,,,Ordu,Ordu,TR052,Turkey,Türkiye,TR,2020-01-01,2020-03-26,
Ikizce,Ikizce,TR052011,,,,,,Ordu,Ordu,TR052,Turkey,Türkiye,TR,2020-01-01,2020-03-26,
Kabaduz,Kabadüz,TR052012,,,,,,Ordu,Ordu,TR052,Turkey,Türkiye,TR,2020-01-01,2020-03-26,
Kabatas,Kabataş,TR052013,,,,,,Ordu,Ordu,TR052,Turkey,Türkiye,TR,2020-01-01,2020-03-26,
Korgan,Korgan,TR052014,,,,,,Ordu,Ordu,TR052,Turkey,Türkiye,TR,2020-01-01,2020-03-26,
Kumru,Kumru,TR052015,,,,,,Ordu,Ordu,TR052,Turkey,Türkiye,TR,2020-01-01,2020-03-26,
Mesudiye,Mesudiye,TR052016,,,,,,Ordu,Ordu,TR052,Turkey,Türkiye,TR,2020-01-01,2020-03-26,
Persembe,Perşembe,TR052017,,,,,,Ordu,Ordu,TR052,Turkey,Türkiye,TR,2020-01-01,2020-03-26,
Ulubey,Ulubey,TR052018,,,,,,Ordu,Ordu,TR052,Turkey,Türkiye,TR,2020-01-01,2020-03-26,
Unye,Ünye,TR052019,,,,,,Ordu,Ordu,TR052,Turkey,Türkiye,TR,2020-01-01,2020-03-26,
Ardesen,Ardeşen,TR053001,,,,,,Rize,Rize,TR053,Turkey,Türkiye,TR,2020-01-01,2020-03-26,
Camlihemsin,Çamlihemşin,TR053002,,,,,,Rize,Rize,TR053,Turkey,Türkiye,TR,2020-01-01,2020-03-26,
Cayeli,Çayeli,TR053003,,,,,,Rize,Rize,TR053,Turkey,Türkiye,TR,2020-01-01,2020-03-26,
Derepazari,Derepazari,TR053004,,,,,,Rize,Rize,TR053,Turkey,Türkiye,TR,2020-01-01,2020-03-26,
Findikli,Findikli,TR053005,,,,,,Rize,Rize,TR053,Turkey,Türkiye,TR,2020-01-01,2020-03-26,
Guneysu,Güneysu,TR053006,,,,,,Rize,Rize,TR053,Turkey,Türkiye,TR,2020-01-01,2020-03-26,
Hemsin,Hemşin,TR053007,,,,,,Rize,Rize,TR053,Turkey,Türkiye,TR,2020-01-01,2020-03-26,
Ikizdere,Ikizdere,TR053008,,,,,,Rize,Rize,TR053,Turkey,Türkiye,TR,2020-01-01,2020-03-26,
Iyidere,Iyidere,TR053009,,,,,,Rize,Rize,TR053,Turkey,Türkiye,TR,2020-01-01,2020-03-26,
Kalkandere,Kalkandere,TR053010,,,,,,Rize,Rize,TR053,Turkey,Türkiye,TR,2020-01-01,2020-03-26,
Pazar,Pazar,TR053011,,,,,,Rize,Rize,TR053,Turkey,Türkiye,TR,2020-01-01,2020-03-26,
Rize,Rize,TR053012,,,,,,Rize,Rize,TR053,Turkey,Türkiye,TR,2020-01-01,2020-03-26,
Adapazari,Adapazari,TR054001,,,,,,Sakarya,Sakarya,TR054,Turkey,Türkiye,TR,2020-01-01,2020-03-26,
Akyazi,Akyazi,TR054002,,,,,,Sakarya,Sakarya,TR054,Turkey,Türkiye,TR,2020-01-01,2020-03-26,
Arifiye,Arifiye,TR054003,,,,,,Sakarya,Sakarya,TR054,Turkey,Türkiye,TR,2020-01-01,2020-03-26,
Erenler,Erenler,TR054004,,,,,,Sakarya,Sakarya,TR054,Turkey,Türkiye,TR,2020-01-01,2020-03-26,
Ferizli,Ferizli,TR054005,,,,,,Sakarya,Sakarya,TR054,Turkey,Türkiye,TR,2020-01-01,2020-03-26,
Geyve,Geyve,TR054006,,,,,,Sakarya,Sakarya,TR054,Turkey,Türkiye,TR,2020-01-01,2020-03-26,
Hendek,Hendek,TR054007,,,,,,Sakarya,Sakarya,TR054,Turkey,Türkiye,TR,2020-01-01,2020-03-26,
Karapurcek,Karapürçek,TR054008,,,,,,Sakarya,Sakarya,TR054,Turkey,Türkiye,TR,2020-01-01,2020-03-26,
Karasu,Karasu,TR054009,,,,,,Sakarya,Sakarya,TR054,Turkey,Türkiye,TR,2020-01-01,2020-03-26,
Kaynarca,Kaynarca,TR054010,,,,,,Sakarya,Sakarya,TR054,Turkey,Türkiye,TR,2020-01-01,2020-03-26,
Kocaali,Kocaali,TR054011,,,,,,Sakarya,Sakarya,TR054,Turkey,Türkiye,TR,2020-01-01,2020-03-26,
Pamukova,Pamukova,TR054012,,,,,,Sakarya,Sakarya,TR054,Turkey,Türkiye,TR,2020-01-01,2020-03-26,
Sapanca,Sapanca,TR054013,,,,,,Sakarya,Sakarya,TR054,Turkey,Türkiye,TR,2020-01-01,2020-03-26,
Serdivan,Serdivan,TR054014,,,,,,Sakarya,Sakarya,TR054,Turkey,Türkiye,TR,2020-01-01,2020-03-26,
Sogutlu,Söğütlü,TR054015,,,,,,Sakarya,Sakarya,TR054,Turkey,Türkiye,TR,2020-01-01,2020-03-26,
Tarakli,Tarakli,TR054016,,,,,,Sakarya,Sakarya,TR054,Turkey,Türkiye,TR,2020-01-01,2020-03-26,
19 Mayis,19 Mayis,TR055001,,,,,,Samsun,Samsun,TR055,Turkey,Türkiye,TR,2020-01-01,2020-03-26,
Alacam,Alaçam,TR055002,,,,,,Samsun,Samsun,TR055,Turkey,Türkiye,TR,2020-01-01,2020-03-26,
Asarcik,Asarcik,TR055003,,,,,,Samsun,Samsun,TR055,Turkey,Türkiye,TR,2020-01-01,2020-03-26,
Atakum,Atakum,TR055004,,,,,,Samsun,Samsun,TR055,Turkey,Türkiye,TR,2020-01-01,2020-03-26,
Ayvacik,Ayvacik,TR055005,,,,,,Samsun,Samsun,TR055,Turkey,Türkiye,TR,2020-01-01,2020-03-26,
Bafra,Bafra,TR055006,,,,,,Samsun,Samsun,TR055,Turkey,Türkiye,TR,2020-01-01,2020-03-26,
Canik,Canik,TR055007,,,,,,Samsun,Samsun,TR055,Turkey,Türkiye,TR,2020-01-01,2020-03-26,
Carsamba,Çarşamba,TR055008,,,,,,Samsun,Samsun,TR055,Turkey,Türkiye,TR,2020-01-01,2020-03-26,
Havza,Havza,TR055009,,,,,,Samsun,Samsun,TR055,Turkey,Türkiye,TR,2020-01-01,2020-03-26,
Ilkadim,Ilkadim,TR055010,,,,,,Samsun,Samsun,TR055,Turkey,Türkiye,TR,2020-01-01,2020-03-26,
Kavak,Kavak,TR055011,,,,,,Samsun,Samsun,TR055,Turkey,Türkiye,TR,2020-01-01,2020-03-26,
Ladik,Ladik,TR055012,,,,,,Samsun,Samsun,TR055,Turkey,Türkiye,TR,2020-01-01,2020-03-26,
Salipazari,Salipazari,TR055013,,,,,,Samsun,Samsun,TR055,Turkey,Türkiye,TR,2020-01-01,2020-03-26,
Tekkekoy,Tekkeköy,TR055014,,,,,,Samsun,Samsun,TR055,Turkey,Türkiye,TR,2020-01-01,2020-03-26,
Terme,Terme,TR055015,,,,,,Samsun,Samsun,TR055,Turkey,Türkiye,TR,2020-01-01,2020-03-26,
Vezirkopru,Vezirköprü,TR055016,,,,,,Samsun,Samsun,TR055,Turkey,Türkiye,TR,2020-01-01,2020-03-26,
Yakakent,Yakakent,TR055017,,,,,,Samsun,Samsun,TR055,Turkey,Türkiye,TR,2020-01-01,2020-03-26,
Baykan,Baykan,TR056001,,,,,,Siirt,Siirt,TR056,Turkey,Türkiye,TR,2020-01-01,2020-03-26,
Eruh,Eruh,TR056002,,,,,,Siirt,Siirt,TR056,Turkey,Türkiye,TR,2020-01-01,2020-03-26,
Kurtalan,Kurtalan,TR056003,,,,,,Siirt,Siirt,TR056,Turkey,Türkiye,TR,2020-01-01,2020-03-26,
Pervari,Pervari,TR056004,,,,,,Siirt,Siirt,TR056,Turkey,Türkiye,TR,2020-01-01,2020-03-26,
Siirt,Siirt,TR056005,,,,,,Siirt,Siirt,TR056,Turkey,Türkiye,TR,2020-01-01,2020-03-26,
Sirvan,Şirvan,TR056006,,,,,,Siirt,Siirt,TR056,Turkey,Türkiye,TR,2020-01-01,2020-03-26,
Tillo,Tillo,TR056007,,,,,,Siirt,Siirt,TR056,Turkey,Türkiye,TR,2020-01-01,2020-03-26,
Ayancik,Ayancik,TR057001,,,,,,Sinop,Sinop,TR057,Turkey,Türkiye,TR,2020-01-01,2020-03-26,
Boyabat,Boyabat,TR057002,,,,,,Sinop,Sinop,TR057,Turkey,Türkiye,TR,2020-01-01,2020-03-26,
Dikmen,Dikmen,TR057003,,,,,,Sinop,Sinop,TR057,Turkey,Türkiye,TR,2020-01-01,2020-03-26,
Duragan,Durağan,TR057004,,,,,,Sinop,Sinop,TR057,Turkey,Türkiye,TR,2020-01-01,2020-03-26,
Erfelek,Erfelek,TR057005,,,,,,Sinop,Sinop,TR057,Turkey,Türkiye,TR,2020-01-01,2020-03-26,
Gerze,Gerze,TR057006,,,,,,Sinop,Sinop,TR057,Turkey,Türkiye,TR,2020-01-01,2020-03-26,
Sarayduzu,Saraydüzü,TR057007,,,,,,Sinop,Sinop,TR057,Turkey,Türkiye,TR,2020-01-01,2020-03-26,
Sinop,Sinop,TR057008,,,,,,Sinop,Sinop,TR057,Turkey,Türkiye,TR,2020-01-01,2020-03-26,
Turkeli,Türkeli,TR057009,,,,,,Sinop,Sinop,TR057,Turkey,Türkiye,TR,2020-01-01,2020-03-26,
Akincilar,Akincilar,TR058001,,,,,,Sivas,Sivas,TR058,Turkey,Türkiye,TR,2020-01-01,2020-03-26,
Altinyayla,Altinyayla,TR058002,,,,,,Sivas,Sivas,TR058,Turkey,Türkiye,TR,2020-01-01,2020-03-26,
Divrigi,Divriği,TR058003,,,,,,Sivas,Sivas,TR058,Turkey,Türkiye,TR,2020-01-01,2020-03-26,
Dogansar,Doğanşar,TR058004,,,,,,Sivas,Sivas,TR058,Turkey,Türkiye,TR,2020-01-01,2020-03-26,
Gemerek,Gemerek,TR058005,,,,,,Sivas,Sivas,TR058,Turkey,Türkiye,TR,2020-01-01,2020-03-26,
Golova,Gölova,TR058006,,,,,,Sivas,Sivas,TR058,Turkey,Türkiye,TR,2020-01-01,2020-03-26,
Gurun,Gürün,TR058007,,,,,,Sivas,Sivas,TR058,Turkey,Türkiye,TR,2020-01-01,2020-03-26,
Hafik,Hafik,TR058008,,,,,,Sivas,Sivas,TR058,Turkey,Türkiye,TR,2020-01-01,2020-03-26,
Imranli,Imranli,TR058009,,,,,,Sivas,Sivas,TR058,Turkey,Türkiye,TR,2020-01-01,2020-03-26,
Kangal,Kangal,TR058010,,,,,,Sivas,Sivas,TR058,Turkey,Türkiye,TR,2020-01-01,2020-03-26,
Koyulhisar,Koyulhisar,TR058011,,,,,,Sivas,Sivas,TR058,Turkey,Türkiye,TR,2020-01-01,2020-03-26,
Sivas,Sivas,TR058012,,,,,,Sivas,Sivas,TR058,Turkey,Türkiye,TR,2020-01-01,2020-03-26,
Susehri,Suşehri,TR058013,,,,,,Sivas,Sivas,TR058,Turkey,Türkiye,TR,2020-01-01,2020-03-26,
Sarkisla,Şarkişla,TR058014,,,,,,Sivas,Sivas,TR058,Turkey,Türkiye,TR,2020-01-01,2020-03-26,
Ulas,Ulaş,TR058015,,,,,,Sivas,Sivas,TR058,Turkey,Türkiye,TR,2020-01-01,2020-03-26,
Yildizeli,Yildizeli,TR058016,,,,,,Sivas,Sivas,TR058,Turkey,Türkiye,TR,2020-01-01,2020-03-26,
Zara,Zara,TR058017,,,,,,Sivas,Sivas,TR058,Turkey,Türkiye,TR,2020-01-01,2020-03-26,
Cerkezkoy,Çerkezköy,TR059001,,,,,,Tekirdag,Tekirdağ,TR059,Turkey,Türkiye,TR,2020-01-01,2020-03-26,
Corlu,Çorlu,TR059002,,,,,,Tekirdag,Tekirdağ,TR059,Turkey,Türkiye,TR,2020-01-01,2020-03-26,
Ergene,Ergene,TR059003,,,,,,Tekirdag,Tekirdağ,TR059,Turkey,Türkiye,TR,2020-01-01,2020-03-26,
Hayrabolu,Hayrabolu,TR059004,,,,,,Tekirdag,Tekirdağ,TR059,Turkey,Türkiye,TR,2020-01-01,2020-03-26,
Kapakli,Kapakli,TR059005,,,,,,Tekirdag,Tekirdağ,TR059,Turkey,Türkiye,TR,2020-01-01,2020-03-26,
Malkara,Malkara,TR059006,,,,,,Tekirdag,Tekirdağ,TR059,Turkey,Türkiye,TR,2020-01-01,2020-03-26,
Marmaraereglisi,Marmaraereğlisi,TR059007,,,,,,Tekirdag,Tekirdağ,TR059,Turkey,Türkiye,TR,2020-01-01,2020-03-26,
Muratli,Muratli,TR059008,,,,,,Tekirdag,Tekirdağ,TR059,Turkey,Türkiye,TR,2020-01-01,2020-03-26,
Saray,Saray,TR059009,,,,,,Tekirdag,Tekirdağ,TR059,Turkey,Türkiye,TR,2020-01-01,2020-03-26,
Suleymanpasa,Süleymanpaşa,TR059010,,,,,,Tekirdag,Tekirdağ,TR059,Turkey,Türkiye,TR,2020-01-01,2020-03-26,
Sarkoy,Şarköy,TR059011,,,,,,Tekirdag,Tekirdağ,TR059,Turkey,Türkiye,TR,2020-01-01,2020-03-26,
Almus,Almus,TR060001,,,,,,Tokat,Tokat,TR060,Turkey,Türkiye,TR,2020-01-01,2020-03-26,
Artova,Artova,TR060002,,,,,,Tokat,Tokat,TR060,Turkey,Türkiye,TR,2020-01-01,2020-03-26,
Basciftlik,Başçiftlik,TR060003,,,,,,Tokat,Tokat,TR060,Turkey,Türkiye,TR,2020-01-01,2020-03-26,
Erbaa,Erbaa,TR060004,,,,,,Tokat,Tokat,TR060,Turkey,Türkiye,TR,2020-01-01,2020-03-26,
Niksar,Niksar,TR060005,,,,,,Tokat,Tokat,TR060,Turkey,Türkiye,TR,2020-01-01,2020-03-26,
Pazar,Pazar,TR060006,,,,,,Tokat,Tokat,TR060,Turkey,Türkiye,TR,2020-01-01,2020-03-26,
Resadiye,Reşadiye,TR060007,,,,,,Tokat,Tokat,TR060,Turkey,Türkiye,TR,2020-01-01,2020-03-26,
Sulusaray,Sulusaray,TR060008,,,,,,Tokat,Tokat,TR060,Turkey,Türkiye,TR,2020-01-01,2020-03-26,
Tokat,Tokat,TR060009,,,,,,Tokat,Tokat,TR060,Turkey,Türkiye,TR,2020-01-01,2020-03-26,
Turhal,Turhal,TR060010,,,,,,Tokat,Tokat,TR060,Turkey,Türkiye,TR,2020-01-01,2020-03-26,
Yesilyurt,Yeşilyurt,TR060011,,,,,,Tokat,Tokat,TR060,Turkey,Türkiye,TR,2020-01-01,2020-03-26,
Zile,Zile,TR060012,,,,,,Tokat,Tokat,TR060,Turkey,Türkiye,TR,2020-01-01,2020-03-26,
Akcaabat,Akçaabat,TR061001,,,,,,Trabzon,Trabzon,TR061,Turkey,Türkiye,TR,2020-01-01,2020-03-26,
Arakli,Arakli,TR061002,,,,,,Trabzon,Trabzon,TR061,Turkey,Türkiye,TR,2020-01-01,2020-03-26,
Arsin,Arsin,TR061003,,,,,,Trabzon,Trabzon,TR061,Turkey,Türkiye,TR,2020-01-01,2020-03-26,
Besikduzu,Beşikdüzü,TR061004,,,,,,Trabzon,Trabzon,TR061,Turkey,Türkiye,TR,2020-01-01,2020-03-26,
Carsibasi,Çarşibaşi,TR061005,,,,,,Trabzon,Trabzon,TR061,Turkey,Türkiye,TR,2020-01-01,2020-03-26,
Caykara,Çaykara,TR061006,,,,,,Trabzon,Trabzon,TR061,Turkey,Türkiye,TR,2020-01-01,2020-03-26,
Dernekpazari,Dernekpazari,TR061007,,,,,,Trabzon,Trabzon,TR061,Turkey,Türkiye,TR,2020-01-01,2020-03-26,
Duzkoy,Düzköy,TR061008,,,,,,Trabzon,Trabzon,TR061,Turkey,Türkiye,TR,2020-01-01,2020-03-26,
Hayrat,Hayrat,TR061009,,,,,,Trabzon,Trabzon,TR061,Turkey,Türkiye,TR,2020-01-01,2020-03-26,
Koprubasi,Köprübaşi,TR061010,,,,,,Trabzon,Trabzon,TR061,Turkey,Türkiye,TR,2020-01-01,2020-03-26,
Macka,Maçka,TR061011,,,,,,Trabzon,Trabzon,TR061,Turkey,Türkiye,TR,2020-01-01,2020-03-26,
Of,Of,TR061012,,,,,,Trabzon,Trabzon,TR061,Turkey,Türkiye,TR,2020-01-01,2020-03-26,
Ortahisar,Ortahisar,TR061013,,,,,,Trabzon,Trabzon,TR061,Turkey,Türkiye,TR,2020-01-01,2020-03-26,
Surmene,Sürmene,TR061014,,,,,,Trabzon,Trabzon,TR061,Turkey,Türkiye,TR,2020-01-01,2020-03-26,
Salpazari,Şalpazari,TR061015,,,,,,Trabzon,Trabzon,TR061,Turkey,Türkiye,TR,2020-01-01,2020-03-26,
Tonya,Tonya,TR061016,,,,,,Trabzon,Trabzon,TR061,Turkey,Türkiye,TR,2020-01-01,2020-03-26,
Vakfikebir,Vakfikebir,TR061017,,,,,,Trabzon,Trabzon,TR061,Turkey,Türkiye,TR,2020-01-01,2020-03-26,
Yomra,Yomra,TR061018,,,,,,Trabzon,Trabzon,TR061,Turkey,Türkiye,TR,2020-01-01,2020-03-26,
Cemisgezek,Çemişgezek,TR062001,,,,,,Tunceli,Tunceli,TR062,Turkey,Türkiye,TR,2020-01-01,2020-03-26,
Hozat,Hozat,TR062002,,,,,,Tunceli,Tunceli,TR062,Turkey,Türkiye,TR,2020-01-01,2020-03-26,
Mazgirt,Mazgirt,TR062003,,,,,,Tunceli,Tunceli,TR062,Turkey,Türkiye,TR,2020-01-01,2020-03-26,
Nazimiye,Nazimiye,TR062004,,,,,,Tunceli,Tunceli,TR062,Turkey,Türkiye,TR,2020-01-01,2020-03-26,
Ovacik,Ovacik,TR062005,,,,,,Tunceli,Tunceli,TR062,Turkey,Türkiye,TR,2020-01-01,2020-03-26,
Pertek,Pertek,TR062006,,,,,,Tunceli,Tunceli,TR062,Turkey,Türkiye,TR,2020-01-01,2020-03-26,
Pulumur,Pülümür,TR062007,,,,,,Tunceli,Tunceli,TR062,Turkey,Türkiye,TR,2020-01-01,2020-03-26,
Tunceli,Tunceli,TR062008,,,,,,Tunceli,Tunceli,TR062,Turkey,Türkiye,TR,2020-01-01,2020-03-26,
Akcakale,Akçakale,TR063001,,,,,,Sanliurfa,Şanliurfa,TR063,Turkey,Türkiye,TR,2020-01-01,2020-03-26,
Birecik,Birecik,TR063002,,,,,,Sanliurfa,Şanliurfa,TR063,Turkey,Türkiye,TR,2020-01-01,2020-03-26,
Bozova,Bozova,TR063003,,,,,,Sanliurfa,Şanliurfa,TR063,Turkey,Türkiye,TR,2020-01-01,2020-03-26,
Ceylanpinar,Ceylanpinar,TR063004,,,,,,Sanliurfa,Şanliurfa,TR063,Turkey,Türkiye,TR,2020-01-01,2020-03-26,
Eyyubiye,Eyyübiye,TR063005,,,,,,Sanliurfa,Şanliurfa,TR063,Turkey,Türkiye,TR,2020-01-01,2020-03-26,
Halfeti,Halfeti,TR063006,,,,,,Sanliurfa,Şanliurfa,TR063,Turkey,Türkiye,TR,2020-01-01,2020-03-26,
Haliliye,Haliliye,TR063007,,,,,,Sanliurfa,Şanliurfa,TR063,Turkey,Türkiye,TR,2020-01-01,2020-03-26,
Harran,Harran,TR063008,,,,,,Sanliurfa,Şanliurfa,TR063,Turkey,Türkiye,TR,2020-01-01,2020-03-26,
Hilvan,Hilvan,TR063009,,,,,,Sanliurfa,Şanliurfa,TR063,Turkey,Türkiye,TR,2020-01-01,2020-03-26,
Karakopru,Karaköprü,TR063010,,,,,,Sanliurfa,Şanliurfa,TR063,Turkey,Türkiye,TR,2020-01-01,2020-03-26,
Siverek,Siverek,TR063011,,,,,,Sanliurfa,Şanliurfa,TR063,Turkey,Türkiye,TR,2020-01-01,2020-03-26,
Suruc,Suruç,TR063012,,,,,,Sanliurfa,Şanliurfa,TR063,Turkey,Türkiye,TR,2020-01-01,2020-03-26,
Viransehir,Viranşehir,TR063013,,,,,,Sanliurfa,Şanliurfa,TR063,Turkey,Türkiye,TR,2020-01-01,2020-03-26,
Banaz,Banaz,TR064001,,,,,,Usak,Uşak,TR064,Turkey,Türkiye,TR,2020-01-01,2020-03-26,
Esme,Eşme,TR064002,,,,,,Usak,Uşak,TR064,Turkey,Türkiye,TR,2020-01-01,2020-03-26,
Karahalli,Karahalli,TR064003,,,,,,Usak,Uşak,TR064,Turkey,Türkiye,TR,2020-01-01,2020-03-26,
Sivasli,Sivasli,TR064004,,,,,,Usak,Uşak,TR064,Turkey,Türkiye,TR,2020-01-01,2020-03-26,
Ulubey,Ulubey,TR064005,,,,,,Usak,Uşak,TR064,Turkey,Türkiye,TR,2020-01-01,2020-03-26,
Usak,Uşak,TR064006,,,,,,Usak,Uşak,TR064,Turkey,Türkiye,TR,2020-01-01,2020-03-26,
Bahcesaray,Bahçesaray,TR065001,,,,,,Van,Van,TR065,Turkey,Türkiye,TR,2020-01-01,2020-03-26,
Baskale,Başkale,TR065002,,,,,,Van,Van,TR065,Turkey,Türkiye,TR,2020-01-01,2020-03-26,
Caldiran,Çaldiran,TR065003,,,,,,Van,Van,TR065,Turkey,Türkiye,TR,2020-01-01,2020-03-26,
Catak,Çatak,TR065004,,,,,,Van,Van,TR065,Turkey,Türkiye,TR,2020-01-01,2020-03-26,
Edremit,Edremit,TR065005,,,,,,Van,Van,TR065,Turkey,Türkiye,TR,2020-01-01,2020-03-26,
Ercis,Erciş,TR065006,,,,,,Van,Van,TR065,Turkey,Türkiye,TR,2020-01-01,2020-03-26,
Gevas,Gevaş,TR065007,,,,,,Van,Van,TR065,Turkey,Türkiye,TR,2020-01-01,2020-03-26,
Gurpinar,Gürpinar,TR065008,,,,,,Van,Van,TR065,Turkey,Türkiye,TR,2020-01-01,2020-03-26,
Ipekyolu,Ipekyolu,TR065009,,,,,,Van,Van,TR065,Turkey,Türkiye,TR,2020-01-01,2020-03-26,
Muradiye,Muradiye,TR065010,,,,,,Van,Van,TR065,Turkey,Türkiye,TR,2020-01-01,2020-03-26,
Ozalp,Özalp,TR065011,,,,,,Van,Van,TR065,Turkey,Türkiye,TR,2020-01-01,2020-03-26,
Saray,Saray,TR065012,,,,,,Van,Van,TR065,Turkey,Türkiye,TR,2020-01-01,2020-03-26,
Tusba,Tuşba,TR065013,,,,,,Van,Van,TR065,Turkey,Türkiye,TR,2020-01-01,2020-03-26,
Akdagmadeni,Akdağmadeni,TR066001,,,,,,Yozgat,Yozgat,TR066,Turkey,Türkiye,TR,2020-01-01,2020-03-26,
Aydincik,Aydincik,TR066002,,,,,,Yozgat,Yozgat,TR066,Turkey,Türkiye,TR,2020-01-01,2020-03-26,
Bogazliyan,Boğazliyan,TR066003,,,,,,Yozgat,Yozgat,TR066,Turkey,Türkiye,TR,2020-01-01,2020-03-26,
Candir,Çandir,TR066004,,,,,,Yozgat,Yozgat,TR066,Turkey,Türkiye,TR,2020-01-01,2020-03-26,
Cayiralan,Çayiralan,TR066005,,,,,,Yozgat,Yozgat,TR066,Turkey,Türkiye,TR,2020-01-01,2020-03-26,
Cekerek,Çekerek,TR066006,,,,,,Yozgat,Yozgat,TR066,Turkey,Türkiye,TR,2020-01-01,2020-03-26,
Kadisehri,Kadişehri,TR066007,,,,,,Yozgat,Yozgat,TR066,Turkey,Türkiye,TR,2020-01-01,2020-03-26,
Saraykent,Saraykent,TR066008,,,,,,Yozgat,Yozgat,TR066,Turkey,Türkiye,TR,2020-01-01,2020-03-26,
Sarikaya,Sarikaya,TR066009,,,,,,Yozgat,Yozgat,TR066,Turkey,Türkiye,TR,2020-01-01,2020-03-26,
Sorgun,Sorgun,TR066010,,,,,,Yozgat,Yozgat,TR066,Turkey,Türkiye,TR,2020-01-01,2020-03-26,
Sefaatli,Şefaatli,TR066011,,,,,,Yozgat,Yozgat,TR066,Turkey,Türkiye,TR,2020-01-01,2020-03-26,
Yenifakili,Yenifakili,TR066012,,,,,,Yozgat,Yozgat,TR066,Turkey,Türkiye,TR,2020-01-01,2020-03-26,
Yerkoy,Yerköy,TR066013,,,,,,Yozgat,Yozgat,TR066,Turkey,Türkiye,TR,2020-01-01,2020-03-26,
Yozgat,Yozgat,TR066014,,,,,,Yozgat,Yozgat,TR066,Turkey,Türkiye,TR,2020-01-01,2020-03-26,
Alapli,Alapli,TR067001,,,,,,Zonguldak,Zonguldak,TR067,Turkey,Türkiye,TR,2020-01-01,2020-03-26,
Caycuma,Çaycuma,TR067002,,,,,,Zonguldak,Zonguldak,TR067,Turkey,Türkiye,TR,2020-01-01,2020-03-26,
Devrek,Devrek,TR067003,,,,,,Zonguldak,Zonguldak,TR067,Turkey,Türkiye,TR,2020-01-01,2020-03-26,
Eregli,Ereğli,TR067004,,,,,,Zonguldak,Zonguldak,TR067,Turkey,Türkiye,TR,2020-01-01,2020-03-26,
Gokcebey,Gökçebey,TR067005,,,,,,Zonguldak,Zonguldak,TR067,Turkey,Türkiye,TR,2020-01-01,2020-03-26,
Kilimli,Kilimli,TR067006,,,,,,Zonguldak,Zonguldak,TR067,Turkey,Türkiye,TR,2020-01-01,2020-03-26,
Kozlu,Kozlu,TR067007,,,,,,Zonguldak,Zonguldak,TR067,Turkey,Türkiye,TR,2020-01-01,2020-03-26,
Zonguldak,Zonguldak,TR067008,,,,,,Zonguldak,Zonguldak,TR067,Turkey,Türkiye,TR,2020-01-01,2020-03-26,
Agacoren,Ağaçören,TR068001,,,,,,Aksaray,Aksaray,TR068,Turkey,Türkiye,TR,2020-01-01,2020-03-26,
Aksaray,Aksaray,TR068002,,,,,,Aksaray,Aksaray,TR068,Turkey,Türkiye,TR,2020-01-01,2020-03-26,
Eskil,Eskil,TR068003,,,,,,Aksaray,Aksaray,TR068,Turkey,Türkiye,TR,2020-01-01,2020-03-26,
Gulagac,Gülağaç,TR068004,,,,,,Aksaray,Aksaray,TR068,Turkey,Türkiye,TR,2020-01-01,2020-03-26,
Guzelyurt,Güzelyurt,TR068005,,,,,,Aksaray,Aksaray,TR068,Turkey,Türkiye,TR,2020-01-01,2020-03-26,
Ortakoy,Ortaköy,TR068006,,,,,,Aksaray,Aksaray,TR068,Turkey,Türkiye,TR,2020-01-01,2020-03-26,
Sariyahsi,Sariyahşi,TR068007,,,,,,Aksaray,Aksaray,TR068,Turkey,Türkiye,TR,2020-01-01,2020-03-26,
Sultanhani,Sultanhani,TR068008,,,,,,Aksaray,Aksaray,TR068,Turkey,Türkiye,TR,2020-01-01,2020-03-26,
Aydintepe,Aydintepe,TR069001,,,,,,Bayburt,Bayburt,TR069,Turkey,Türkiye,TR,2020-01-01,2020-03-26,
Bayburt,Bayburt,TR069002,,,,,,Bayburt,Bayburt,TR069,Turkey,Türkiye,TR,2020-01-01,2020-03-26,
Demirozu,Demirözü,TR069003,,,,,,Bayburt,Bayburt,TR069,Turkey,Türkiye,TR,2020-01-01,2020-03-26,
Ayranci,Ayranci,TR070001,,,,,,Karaman,Karaman,TR070,Turkey,Türkiye,TR,2020-01-01,2020-03-26,
Basyayla,Başyayla,TR070002,,,,,,Karaman,Karaman,TR070,Turkey,Türkiye,TR,2020-01-01,2020-03-26,
Ermenek,Ermenek,TR070003,,,,,,Karaman,Karaman,TR070,Turkey,Türkiye,TR,2020-01-01,2020-03-26,
Karaman,Karaman,TR070004,,,,,,Karaman,Karaman,TR070,Turkey,Türkiye,TR,2020-01-01,2020-03-26,
Kazimkarabekir,Kazimkarabekir,TR070005,,,,,,Karaman,Karaman,TR070,Turkey,Türkiye,TR,2020-01-01,2020-03-26,
Sariveliler,Sariveliler,TR070006,,,,,,Karaman,Karaman,TR070,Turkey,Türkiye,TR,2020-01-01,2020-03-26,
Bahsili,Bahşili,TR071001,,,,,,Kirikkale,Kirikkale,TR071,Turkey,Türkiye,TR,2020-01-01,2020-03-26,
Baliseyh,Balişeyh,TR071002,,,,,,Kirikkale,Kirikkale,TR071,Turkey,Türkiye,TR,2020-01-01,2020-03-26,
Celebi,Çelebi,TR071003,,,,,,Kirikkale,Kirikkale,TR071,Turkey,Türkiye,TR,2020-01-01,2020-03-26,
Delice,Delice,TR071004,,,,,,Kirikkale,Kirikkale,TR071,Turkey,Türkiye,TR,2020-01-01,2020-03-26,
Karakecili,Karakeçili,TR071005,,,,,,Kirikkale,Kirikkale,TR071,Turkey,Türkiye,TR,2020-01-01,2020-03-26,
Keskin,Keskin,TR071006,,,,,,Kirikkale,Kirikkale,TR071,Turkey,Türkiye,TR,2020-01-01,2020-03-26,
Kirikkale,Kirikkale,TR071007,,,,,,Kirikkale,Kirikkale,TR071,Turkey,Türkiye,TR,2020-01-01,2020-03-26,
Sulakyurt,Sulakyurt,TR071008,,,,,,Kirikkale,Kirikkale,TR071,Turkey,Türkiye,TR,2020-01-01,2020-03-26,
Yahsihan,Yahşihan,TR071009,,,,,,Kirikkale,Kirikkale,TR071,Turkey,Türkiye,TR,2020-01-01,2020-03-26,
Batman,Batman,TR072001,,,,,,Batman,Batman,TR072,Turkey,Türkiye,TR,2020-01-01,2020-03-26,
Besiri,Beşiri,TR072002,,,,,,Batman,Batman,TR072,Turkey,Türkiye,TR,2020-01-01,2020-03-26,
Gercus,Gercüş,TR072003,,,,,,Batman,Batman,TR072,Turkey,Türkiye,TR,2020-01-01,2020-03-26,
Hasankeyf,Hasankeyf,TR072004,,,,,,Batman,Batman,TR072,Turkey,Türkiye,TR,2020-01-01,2020-03-26,
Kozluk,Kozluk,TR072005,,,,,,Batman,Batman,TR072,Turkey,Türkiye,TR,2020-01-01,2020-03-26,
Sason,Sason,TR072006,,,,,,Batman,Batman,TR072,Turkey,Türkiye,TR,2020-01-01,2020-03-26,
Beytussebap,Beytüşşebap,TR073001,,,,,,Sirnak,Şirnak,TR073,Turkey,Türkiye,TR,2020-01-01,2020-03-26,
Cizre,Cizre,TR073002,,,,,,Sirnak,Şirnak,TR073,Turkey,Türkiye,TR,2020-01-01,2020-03-26,
Guclukonak,Güçlükonak,TR073003,,,,,,Sirnak,Şirnak,TR073,Turkey,Türkiye,TR,2020-01-01,2020-03-26,
Idil,Idil,TR073004,,,,,,Sirnak,Şirnak,TR073,Turkey,Türkiye,TR,2020-01-01,2020-03-26,
Silopi,Silopi,TR073005,,,,,,Sirnak,Şirnak,TR073,Turkey,Türkiye,TR,2020-01-01,2020-03-26,
Sirnak,Şirnak,TR073006,,,,,,Sirnak,Şirnak,TR073,Turkey,Türkiye,TR,2020-01-01,2020-03-26,
Uludere,Uludere,TR073007,,,,,,Sirnak,Şirnak,TR073,Turkey,Türkiye,TR,2020-01-01,2020-03-26,
Amasra,Amasra,TR074001,,,,,,Bartin,Bartin,TR074,Turkey,Türkiye,TR,2020-01-01,2020-03-26,
Bartin,Bartin,TR074002,,,,,,Bartin,Bartin,TR074,Turkey,Türkiye,TR,2020-01-01,2020-03-26,
Kurucasile,Kurucaşile,TR074003,,,,,,Bartin,Bartin,TR074,Turkey,Türkiye,TR,2020-01-01,2020-03-26,
Ulus,Ulus,TR074004,,,,,,Bartin,Bartin,TR074,Turkey,Türkiye,TR,2020-01-01,2020-03-26,
Ardahan,Ardahan,TR075001,,,,,,Ardahan,Ardahan,TR075,Turkey,Türkiye,TR,2020-01-01,2020-03-26,
Cildir,Çildir,TR075002,,,,,,Ardahan,Ardahan,TR075,Turkey,Türkiye,TR,2020-01-01,2020-03-26,
Damal,Damal,TR075003,,,,,,Ardahan,Ardahan,TR075,Turkey,Türkiye,TR,2020-01-01,2020-03-26,
Gole,Göle,TR075004,,,,,,Ardahan,Ardahan,TR075,Turkey,Türkiye,TR,2020-01-01,2020-03-26,
Hanak,Hanak,TR075005,,,,,,Ardahan,Ardahan,TR075,Turkey,Türkiye,TR,2020-01-01,2020-03-26,
Posof,Posof,TR075006,,,,,,Ardahan,Ardahan,TR075,Turkey,Türkiye,TR,2020-01-01,2020-03-26,
Aralik,Aralik,TR076001,,,,,,Igdir,Iğdir,TR076,Turkey,Türkiye,TR,2020-01-01,2020-03-26,
Igdir,Iğdir,TR076002,,,,,,Igdir,Iğdir,TR076,Turkey,Türkiye,TR,2020-01-01,2020-03-26,
Karakoyunlu,Karakoyunlu,TR076003,,,,,,Igdir,Iğdir,TR076,Turkey,Türkiye,TR,2020-01-01,2020-03-26,
Tuzluca,Tuzluca,TR076004,,,,,,Igdir,Iğdir,TR076,Turkey,Türkiye,TR,2020-01-01,2020-03-26,
Altinova,Altinova,TR077001,,,,,,Yalova,Yalova,TR077,Turkey,Türkiye,TR,2020-01-01,2020-03-26,
Armutlu,Armutlu,TR077002,,,,,,Yalova,Yalova,TR077,Turkey,Türkiye,TR,2020-01-01,2020-03-26,
Ciftlikkoy,Çiftlikköy,TR077003,,,,,,Yalova,Yalova,TR077,Turkey,Türkiye,TR,2020-01-01,2020-03-26,
Cinarcik,Çinarcik,TR077004,,,,,,Yalova,Yalova,TR077,Turkey,Türkiye,TR,2020-01-01,2020-03-26,
Termal,Termal,TR077005,,,,,,Yalova,Yalova,TR077,Turkey,Türkiye,TR,2020-01-01,2020-03-26,
Yalova,Yalova,TR077006,,,,,,Yalova,Yalova,TR077,Turkey,Türkiye,TR,2020-01-01,2020-03-26,
Eflani,Eflani,TR078001,,,,,,Karabuk,Karabük,TR078,Turkey,Türkiye,TR,2020-01-01,2020-03-26,
Eskipazar,Eskipazar,TR078002,,,,,,Karabuk,Karabük,TR078,Turkey,Türkiye,TR,2020-01-01,2020-03-26,
Karabuk,Karabük,TR078003,,,,,,Karabuk,Karabük,TR078,Turkey,Türkiye,TR,2020-01-01,2020-03-26,
Ovacik,Ovacik,TR078004,,,,,,Karabuk,Karabük,TR078,Turkey,Türkiye,TR,2020-01-01,2020-03-26,
Safranbolu,Safranbolu,TR078005,,,,,,Karabuk,Karabük,TR078,Turkey,Türkiye,TR,2020-01-01,2020-03-26,
Yenice,Yenice,TR078006,,,,,,Karabuk,Karabük,TR078,Turkey,Türkiye,TR,2020-01-01,2020-03-26,
Elbeyli,Elbeyli,TR079001,,,,,,Kilis,Kilis,TR079,Turkey,Türkiye,TR,2020-01-01,2020-03-26,
Kilis,Kilis,TR079002,,,,,,Kilis,Kilis,TR079,Turkey,Türkiye,TR,2020-01-01,2020-03-26,
Musabeyli,Musabeyli,TR079003,,,,,,Kilis,Kilis,TR079,Turkey,Türkiye,TR,2020-01-01,2020-03-26,
Polateli,Polateli,TR079004,,,,,,Kilis,Kilis,TR079,Turkey,Türkiye,TR,2020-01-01,2020-03-26,
Bahce,Bahçe,TR080001,,,,,,Osmaniye,Osmaniye,TR080,Turkey,Türkiye,TR,2020-01-01,2020-03-26,
Duzici,Düziçi,TR080002,,,,,,Osmaniye,Osmaniye,TR080,Turkey,Türkiye,TR,2020-01-01,2020-03-26,
Hasanbeyli,Hasanbeyli,TR080003,,,,,,Osmaniye,Osmaniye,TR080,Turkey,Türkiye,TR,2020-01-01,2020-03-26,
Kadirli,Kadirli,TR080004,,,,,,Osmaniye,Osmaniye,TR080,Turkey,Türkiye,TR,2020-01-01,2020-03-26,
Osmaniye,Osmaniye,TR080005,,,,,,Osmaniye,Osmaniye,TR080,Turkey,Türkiye,TR,2020-01-01,2020-03-26,
Sumbas,Sumbas,TR080006,,,,,,Osmaniye,Osmaniye,TR080,Turkey,Türkiye,TR,2020-01-01,2020-03-26,
Toprakkale,Toprakkale,TR080007,,,,,,Osmaniye,Osmaniye,TR080,Turkey,Türkiye,TR,2020-01-01,2020-03-26,
Akcakoca,Akçakoca,TR081001,,,,,,Duzce,Düzce,TR081,Turkey,Türkiye,TR,2020-01-01,2020-03-26,
Cumayeri,Cumayeri,TR081002,,,,,,Duzce,Düzce,TR081,Turkey,Türkiye,TR,2020-01-01,2020-03-26,
Cilimli,Çilimli,TR081003,,,,,,Duzce,Düzce,TR081,Turkey,Türkiye,TR,2020-01-01,2020-03-26,
Duzce,Düzce,TR081004,,,,,,Duzce,Düzce,TR081,Turkey,Türkiye,TR,2020-01-01,2020-03-26,
Golyaka,Gölyaka,TR081005,,,,,,Duzce,Düzce,TR081,Turkey,Türkiye,TR,2020-01-01,2020-03-26,
Gumusova,Gümüşova,TR081006,,,,,,Duzce,Düzce,TR081,Turkey,Türkiye,TR,2020-01-01,2020-03-26,
Kaynasli,Kaynaşli,TR081007,,,,,,Duzce,Düzce,TR081,Turkey,Türkiye,TR,2020-01-01,2020-03-26,
Yigilca,Yiğilca,TR081008,,,,,,Duzce,Düzce,TR081,Turkey,Türkiye,TR,2020-01-01,2020-03-26,
