admin3Name_es,admin3Pcode,admin3RefName,admin3AltName1_es,admin3AltName2_es,admin2Name_es,admin2Pcode,admin1Name_es,admin1Pcode,admin0Name_es,admin0Pcode,date,validOn,validTo
Iquique,CL01101,,,,Iquique,CL011,Región de Tarapacá,CL01,Chile,CL,2020-05-18,2020-05-26,
Alto Hospicio,CL01107,,,,Iquique,CL011,Región de Tarapacá,CL01,Chile,CL,2020-05-18,2020-05-26,
Tocopilla,CL01401,,,,Tamarugal,CL014,Región de Tarapacá,CL01,Chile,CL,2020-05-18,2020-05-26,
Camiña,CL01402,,,,Tamarugal,CL014,Región de Tarapacá,CL01,Chile,CL,2020-05-18,2020-05-26,
Colchane,CL01403,,,,Tamarugal,CL014,Región de Tarapacá,CL01,Chile,CL,2020-05-18,2020-05-26,
Huara,CL01404,,,,Tamarugal,CL014,Región de Tarapacá,CL01,Chile,CL,2020-05-18,2020-05-26,
Pica,CL01405,,,,Tamarugal,CL014,Región de Tarapacá,CL01,Chile,CL,2020-05-18,2020-05-26,
Antofagasta,CL02101,,,,Antofagasta,CL021,Región de Antofagasta,CL02,Chile,CL,2020-05-18,2020-05-26,
Mejillones,CL02102,,,,Antofagasta,CL021,Región de Antofagasta,CL02,Chile,CL,2020-05-18,2020-05-26,
Sierra Gorda,CL02103,,,,Antofagasta,CL021,Región de Antofagasta,CL02,Chile,CL,2020-05-18,2020-05-26,
Taltal,CL02104,,,,Antofagasta,CL021,Región de Antofagasta,CL02,Chile,CL,2020-05-18,2020-05-26,
Calama,CL02201,,,,El Loa,CL022,Región de Antofagasta,CL02,Chile,CL,2020-05-18,2020-05-26,
Ollagüe,CL02202,,,,El Loa,CL022,Región de Antofagasta,CL02,Chile,CL,2020-05-18,2020-05-26,
San Pedro de Atacama,CL02203,,,,El Loa,CL022,Región de Antofagasta,CL02,Chile,CL,2020-05-18,2020-05-26,
Tocopilla,CL02301,,,,Tocopilla,CL023,Región de Antofagasta,CL02,Chile,CL,2020-05-18,2020-05-26,
María Elena,CL02302,,,,Tocopilla,CL023,Región de Antofagasta,CL02,Chile,CL,2020-05-18,2020-05-26,
Copiapó,CL03101,,,,Copiapó,CL031,Región de Atacama,CL03,Chile,CL,2020-05-18,2020-05-26,
Caldera,CL03102,,,,Copiapó,CL031,Región de Atacama,CL03,Chile,CL,2020-05-18,2020-05-26,
Tierra Amarilla,CL03103,,,,Copiapó,CL031,Región de Atacama,CL03,Chile,CL,2020-05-18,2020-05-26,
Chañaral,CL03201,,,,Chañaral,CL032,Región de Atacama,CL03,Chile,CL,2020-05-18,2020-05-26,
Diego de Almagro,CL03202,,,,Chañaral,CL032,Región de Atacama,CL03,Chile,CL,2020-05-18,2020-05-26,
Vallenar,CL03301,,,,Huasco,CL033,Región de Atacama,CL03,Chile,CL,2020-05-18,2020-05-26,
Alto del Carmen,CL03302,,,,Huasco,CL033,Región de Atacama,CL03,Chile,CL,2020-05-18,2020-05-26,
Freirina,CL03303,,,,Huasco,CL033,Región de Atacama,CL03,Chile,CL,2020-05-18,2020-05-26,
Huasco,CL03304,,,,Huasco,CL033,Región de Atacama,CL03,Chile,CL,2020-05-18,2020-05-26,
La Serena,CL04101,,,,Elqui,CL041,Región de Coquimbo,CL04,Chile,CL,2020-05-18,2020-05-26,
Coquimbo,CL04102,,,,Elqui,CL041,Región de Coquimbo,CL04,Chile,CL,2020-05-18,2020-05-26,
Andacollo,CL04103,,,,Elqui,CL041,Región de Coquimbo,CL04,Chile,CL,2020-05-18,2020-05-26,
La Higuera,CL04104,,,,Elqui,CL041,Región de Coquimbo,CL04,Chile,CL,2020-05-18,2020-05-26,
Paihuano,CL04105,,,,Elqui,CL041,Región de Coquimbo,CL04,Chile,CL,2020-05-18,2020-05-26,
Vicuña,CL04106,,,,Elqui,CL041,Región de Coquimbo,CL04,Chile,CL,2020-05-18,2020-05-26,
Illapel,CL04201,,,,Choapa,CL042,Región de Coquimbo,CL04,Chile,CL,2020-05-18,2020-05-26,
Canela,CL04202,,,,Choapa,CL042,Región de Coquimbo,CL04,Chile,CL,2020-05-18,2020-05-26,
Los Vilos,CL04203,,,,Choapa,CL042,Región de Coquimbo,CL04,Chile,CL,2020-05-18,2020-05-26,
Salamanca,CL04204,,,,Choapa,CL042,Región de Coquimbo,CL04,Chile,CL,2020-05-18,2020-05-26,
Ovalle,CL04301,,,,Limarí,CL043,Región de Coquimbo,CL04,Chile,CL,2020-05-18,2020-05-26,
Combarbalá,CL04302,,,,Limarí,CL043,Región de Coquimbo,CL04,Chile,CL,2020-05-18,2020-05-26,
Monte Patria,CL04303,,,,Limarí,CL043,Región de Coquimbo,CL04,Chile,CL,2020-05-18,2020-05-26,
Punitaqui,CL04304,,,,Limarí,CL043,Región de Coquimbo,CL04,Chile,CL,2020-05-18,2020-05-26,
Río Hurtado,CL04305,,,,Limarí,CL043,Región de Coquimbo,CL04,Chile,CL,2020-05-18,2020-05-26,
Valparaíso,CL05101,,,,Valparaíso,CL051,Región de Valparaíso,CL05,Chile,CL,2020-05-18,2020-05-26,
Casablanca,CL05102,,,,Valparaíso,CL051,Región de Valparaíso,CL05,Chile,CL,2020-05-18,2020-05-26,
Concón,CL05103,,,,Valparaíso,CL051,Región de Valparaíso,CL05,Chile,CL,2020-05-18,2020-05-26,
Juan Fernández,CL05104,,,,Valparaíso,CL051,Región de Valparaíso,CL05,Chile,CL,2020-05-18,2020-05-26,
Puchuncaví,CL05105,,,,Valparaíso,CL051,Región de Valparaíso,CL05,Chile,CL,2020-05-18,2020-05-26,
Quintero,CL05107,,,,Valparaíso,CL051,Región de Valparaíso,CL05,Chile,CL,2020-05-18,2020-05-26,
Viña del Mar,CL05109,,,,Valparaíso,CL051,Región de Valparaíso,CL05,Chile,CL,2020-05-18,2020-05-26,
Isla de Pascua,CL05201,,,,Isla de Pascua,CL052,Región de Valparaíso,CL05,Chile,CL,2020-05-18,2020-05-26,
Los Andes,CL05301,,,,Los Andes,CL053,Región de Valparaíso,CL05,Chile,CL,2020-05-18,2020-05-26,
Calle Larga,CL05302,,,,Los Andes,CL053,Región de Valparaíso,CL05,Chile,CL,2020-05-18,2020-05-26,
Rinconada,CL05303,,,,Los Andes,CL053,Región de Valparaíso,CL05,Chile,CL,2020-05-18,2020-05-26,
San Esteban,CL05304,,,,Los Andes,CL053,Región de Valparaíso,CL05,Chile,CL,2020-05-18,2020-05-26,
La Ligua,CL05401,,,,Petorca,CL054,Región de Valparaíso,CL05,Chile,CL,2020-05-18,2020-05-26,
Cabildo,CL05402,,,,Petorca,CL054,Región de Valparaíso,CL05,Chile,CL,2020-05-18,2020-05-26,
Papudo,CL05403,,,,Petorca,CL054,Región de Valparaíso,CL05,Chile,CL,2020-05-18,2020-05-26,
Petorca,CL05404,,,,Petorca,CL054,Región de Valparaíso,CL05,Chile,CL,2020-05-18,2020-05-26,
Zapallar,CL05405,,,,Petorca,CL054,Región de Valparaíso,CL05,Chile,CL,2020-05-18,2020-05-26,
Quillota,CL05501,,,,Quillota,CL055,Región de Valparaíso,CL05,Chile,CL,2020-05-18,2020-05-26,
Calera,CL05502,,,,Quillota,CL055,Región de Valparaíso,CL05,Chile,CL,2020-05-18,2020-05-26,
Hijuelas,CL05503,,,,Quillota,CL055,Región de Valparaíso,CL05,Chile,CL,2020-05-18,2020-05-26,
La Cruz,CL05504,,,,Quillota,CL055,Región de Valparaíso,CL05,Chile,CL,2020-05-18,2020-05-26,
Nogales,CL05506,,,,Quillota,CL055,Región de Valparaíso,CL05,Chile,CL,2020-05-18,2020-05-26,
San Antonio,CL05601,,,,San Antonio,CL056,Región de Valparaíso,CL05,Chile,CL,2020-05-18,2020-05-26,
Algarrobo,CL05602,,,,San Antonio,CL056,Región de Valparaíso,CL05,Chile,CL,2020-05-18,2020-05-26,
Cartagena,CL05603,,,,San Antonio,CL056,Región de Valparaíso,CL05,Chile,CL,2020-05-18,2020-05-26,
El Quisco,CL05604,,,,San Antonio,CL056,Región de Valparaíso,CL05,Chile,CL,2020-05-18,2020-05-26,
El Tabo,CL05605,,,,San Antonio,CL056,Región de Valparaíso,CL05,Chile,CL,2020-05-18,2020-05-26,
Santo Domingo,CL05606,,,,San Antonio,CL056,Región de Valparaíso,CL05,Chile,CL,2020-05-18,2020-05-26,
San Felipe,CL05701,,,,San Felipe,CL057,Región de Valparaíso,CL05,Chile,CL,2020-05-18,2020-05-26,
Catemu,CL05702,,,,San Felipe,CL057,Región de Valparaíso,CL05,Chile,CL,2020-05-18,2020-05-26,
Llaillay,CL05703,,,,San Felipe,CL057,Región de Valparaíso,CL05,Chile,CL,2020-05-18,2020-05-26,
Panquehue,CL05704,,,,San Felipe,CL057,Región de Valparaíso,CL05,Chile,CL,2020-05-18,2020-05-26,
Putaendo,CL05705,,,,San Felipe,CL057,Región de Valparaíso,CL05,Chile,CL,2020-05-18,2020-05-26,
Santa María,CL05706,,,,San Felipe,CL057,Región de Valparaíso,CL05,Chile,CL,2020-05-18,2020-05-26,
Quilpué,CL05801,,,,Marga Marga,CL058,Región de Valparaíso,CL05,Chile,CL,2020-05-18,2020-05-26,
Limache,CL05802,,,,Marga Marga,CL058,Región de Valparaíso,CL05,Chile,CL,2020-05-18,2020-05-26,
Olmué,CL05803,,,,Marga Marga,CL058,Región de Valparaíso,CL05,Chile,CL,2020-05-18,2020-05-26,
Villa Alemana,CL05804,,,,Marga Marga,CL058,Región de Valparaíso,CL05,Chile,CL,2020-05-18,2020-05-26,
Rancagua,CL06101,,,,Cachapoal,CL061,Región del Libertador Bernardo O'Higgins,CL06,Chile,CL,2020-05-18,2020-05-26,
Codegua,CL06102,,,,Cachapoal,CL061,Región del Libertador Bernardo O'Higgins,CL06,Chile,CL,2020-05-18,2020-05-26,
Coinco,CL06103,,,,Cachapoal,CL061,Región del Libertador Bernardo O'Higgins,CL06,Chile,CL,2020-05-18,2020-05-26,
Coltauco,CL06104,,,,Cachapoal,CL061,Región del Libertador Bernardo O'Higgins,CL06,Chile,CL,2020-05-18,2020-05-26,
Doñihue,CL06105,,,,Cachapoal,CL061,Región del Libertador Bernardo O'Higgins,CL06,Chile,CL,2020-05-18,2020-05-26,
Graneros,CL06106,,,,Cachapoal,CL061,Región del Libertador Bernardo O'Higgins,CL06,Chile,CL,2020-05-18,2020-05-26,
Las Cabras,CL06107,,,,Cachapoal,CL061,Región del Libertador Bernardo O'Higgins,CL06,Chile,CL,2020-05-18,2020-05-26,
Machalí,CL06108,,,,Cachapoal,CL061,Región del Libertador Bernardo O'Higgins,CL06,Chile,CL,2020-05-18,2020-05-26,
Malloa,CL06109,,,,Cachapoal,CL061,Región del Libertador Bernardo O'Higgins,CL06,Chile,CL,2020-05-18,2020-05-26,
Mostazal,CL06110,,,,Cachapoal,CL061,Región del Libertador Bernardo O'Higgins,CL06,Chile,CL,2020-05-18,2020-05-26,
Olivar,CL06111,,,,Cachapoal,CL061,Región del Libertador Bernardo O'Higgins,CL06,Chile,CL,2020-05-18,2020-05-26,
Peumo,CL06112,,,,Cachapoal,CL061,Región del Libertador Bernardo O'Higgins,CL06,Chile,CL,2020-05-18,2020-05-26,
Pichidegua,CL06113,,,,Cachapoal,CL061,Región del Libertador Bernardo O'Higgins,CL06,Chile,CL,2020-05-18,2020-05-26,
Quinta de Tilcoco,CL06114,,,,Cachapoal,CL061,Región del Libertador Bernardo O'Higgins,CL06,Chile,CL,2020-05-18,2020-05-26,
Rengo,CL06115,,,,Cachapoal,CL061,Región del Libertador Bernardo O'Higgins,CL06,Chile,CL,2020-05-18,2020-05-26,
Requínoa,CL06116,,,,Cachapoal,CL061,Región del Libertador Bernardo O'Higgins,CL06,Chile,CL,2020-05-18,2020-05-26,
San Vicente,CL06117,,,,Cachapoal,CL061,Región del Libertador Bernardo O'Higgins,CL06,Chile,CL,2020-05-18,2020-05-26,
Pichilemu,CL06201,,,,Cardenal Caro,CL062,Región del Libertador Bernardo O'Higgins,CL06,Chile,CL,2020-05-18,2020-05-26,
La Estrella,CL06202,,,,Cardenal Caro,CL062,Región del Libertador Bernardo O'Higgins,CL06,Chile,CL,2020-05-18,2020-05-26,
Litueche,CL06203,,,,Cardenal Caro,CL062,Región del Libertador Bernardo O'Higgins,CL06,Chile,CL,2020-05-18,2020-05-26,
Marchigüe,CL06204,,,,Cardenal Caro,CL062,Región del Libertador Bernardo O'Higgins,CL06,Chile,CL,2020-05-18,2020-05-26,
Navidad,CL06205,,,,Cardenal Caro,CL062,Región del Libertador Bernardo O'Higgins,CL06,Chile,CL,2020-05-18,2020-05-26,
Paredones,CL06206,,,,Cardenal Caro,CL062,Región del Libertador Bernardo O'Higgins,CL06,Chile,CL,2020-05-18,2020-05-26,
San Fernando,CL06301,,,,Colchagua,CL063,Región del Libertador Bernardo O'Higgins,CL06,Chile,CL,2020-05-18,2020-05-26,
Chépica,CL06302,,,,Colchagua,CL063,Región del Libertador Bernardo O'Higgins,CL06,Chile,CL,2020-05-18,2020-05-26,
Chimbarongo,CL06303,,,,Colchagua,CL063,Región del Libertador Bernardo O'Higgins,CL06,Chile,CL,2020-05-18,2020-05-26,
Lolol,CL06304,,,,Colchagua,CL063,Región del Libertador Bernardo O'Higgins,CL06,Chile,CL,2020-05-18,2020-05-26,
Nancagua,CL06305,,,,Colchagua,CL063,Región del Libertador Bernardo O'Higgins,CL06,Chile,CL,2020-05-18,2020-05-26,
Palmilla,CL06306,,,,Colchagua,CL063,Región del Libertador Bernardo O'Higgins,CL06,Chile,CL,2020-05-18,2020-05-26,
Peralillo,CL06307,,,,Colchagua,CL063,Región del Libertador Bernardo O'Higgins,CL06,Chile,CL,2020-05-18,2020-05-26,
Placilla,CL06308,,,,Colchagua,CL063,Región del Libertador Bernardo O'Higgins,CL06,Chile,CL,2020-05-18,2020-05-26,
Pumanque,CL06309,,,,Colchagua,CL063,Región del Libertador Bernardo O'Higgins,CL06,Chile,CL,2020-05-18,2020-05-26,
Santa Cruz,CL06310,,,,Colchagua,CL063,Región del Libertador Bernardo O'Higgins,CL06,Chile,CL,2020-05-18,2020-05-26,
Talca,CL07101,,,,Talca,CL071,Región del Maule,CL07,Chile,CL,2020-05-18,2020-05-26,
Constitución,CL07102,,,,Talca,CL071,Región del Maule,CL07,Chile,CL,2020-05-18,2020-05-26,
Curepto,CL07103,,,,Talca,CL071,Región del Maule,CL07,Chile,CL,2020-05-18,2020-05-26,
Empedrado,CL07104,,,,Talca,CL071,Región del Maule,CL07,Chile,CL,2020-05-18,2020-05-26,
Maule,CL07105,,,,Talca,CL071,Región del Maule,CL07,Chile,CL,2020-05-18,2020-05-26,
Pelarco,CL07106,,,,Talca,CL071,Región del Maule,CL07,Chile,CL,2020-05-18,2020-05-26,
Pencahue,CL07107,,,,Talca,CL071,Región del Maule,CL07,Chile,CL,2020-05-18,2020-05-26,
Río Claro,CL07108,,,,Talca,CL071,Región del Maule,CL07,Chile,CL,2020-05-18,2020-05-26,
San Clemente,CL07109,,,,Talca,CL071,Región del Maule,CL07,Chile,CL,2020-05-18,2020-05-26,
San Rafael,CL07110,,,,Talca,CL071,Región del Maule,CL07,Chile,CL,2020-05-18,2020-05-26,
Cauquenes,CL07201,,,,Cauquenes,CL072,Región del Maule,CL07,Chile,CL,2020-05-18,2020-05-26,
Chanco,CL07202,,,,Cauquenes,CL072,Región del Maule,CL07,Chile,CL,2020-05-18,2020-05-26,
Pelluhue,CL07203,,,,Cauquenes,CL072,Región del Maule,CL07,Chile,CL,2020-05-18,2020-05-26,
Curicó,CL07301,,,,Curicó,CL073,Región del Maule,CL07,Chile,CL,2020-05-18,2020-05-26,
Hualañé,CL07302,,,,Curicó,CL073,Región del Maule,CL07,Chile,CL,2020-05-18,2020-05-26,
Licantén,CL07303,,,,Curicó,CL073,Región del Maule,CL07,Chile,CL,2020-05-18,2020-05-26,
Molina,CL07304,,,,Curicó,CL073,Región del Maule,CL07,Chile,CL,2020-05-18,2020-05-26,
Rauco,CL07305,,,,Curicó,CL073,Región del Maule,CL07,Chile,CL,2020-05-18,2020-05-26,
Romeral,CL07306,,,,Curicó,CL073,Región del Maule,CL07,Chile,CL,2020-05-18,2020-05-26,
Sagrada Familia,CL07307,,,,Curicó,CL073,Región del Maule,CL07,Chile,CL,2020-05-18,2020-05-26,
Teno,CL07308,,,,Curicó,CL073,Región del Maule,CL07,Chile,CL,2020-05-18,2020-05-26,
Vichuquén,CL07309,,,,Curicó,CL073,Región del Maule,CL07,Chile,CL,2020-05-18,2020-05-26,
Linares,CL07401,,,,Linares,CL074,Región del Maule,CL07,Chile,CL,2020-05-18,2020-05-26,
Colbún,CL07402,,,,Linares,CL074,Región del Maule,CL07,Chile,CL,2020-05-18,2020-05-26,
Longaví,CL07403,,,,Linares,CL074,Región del Maule,CL07,Chile,CL,2020-05-18,2020-05-26,
Parral,CL07404,,,,Linares,CL074,Región del Maule,CL07,Chile,CL,2020-05-18,2020-05-26,
Retiro,CL07405,,,,Linares,CL074,Región del Maule,CL07,Chile,CL,2020-05-18,2020-05-26,
San Javier,CL07406,,,,Linares,CL074,Región del Maule,CL07,Chile,CL,2020-05-18,2020-05-26,
Villa Alegre,CL07407,,,,Linares,CL074,Región del Maule,CL07,Chile,CL,2020-05-18,2020-05-26,
Yerbas Buenas,CL07408,,,,Linares,CL074,Región del Maule,CL07,Chile,CL,2020-05-18,2020-05-26,
Concepción,CL08101,,,,Concepción,CL081,Región del Bío-Bío,CL08,Chile,CL,2020-05-18,2020-05-26,
Coronel,CL08102,,,,Concepción,CL081,Región del Bío-Bío,CL08,Chile,CL,2020-05-18,2020-05-26,
Chiguayante,CL08103,,,,Concepción,CL081,Región del Bío-Bío,CL08,Chile,CL,2020-05-18,2020-05-26,
Florida,CL08104,,,,Concepción,CL081,Región del Bío-Bío,CL08,Chile,CL,2020-05-18,2020-05-26,
Hualqui,CL08105,,,,Concepción,CL081,Región del Bío-Bío,CL08,Chile,CL,2020-05-18,2020-05-26,
Lota,CL08106,,,,Concepción,CL081,Región del Bío-Bío,CL08,Chile,CL,2020-05-18,2020-05-26,
Penco,CL08107,,,,Concepción,CL081,Región del Bío-Bío,CL08,Chile,CL,2020-05-18,2020-05-26,
San Pedro de la Paz,CL08108,,,,Concepción,CL081,Región del Bío-Bío,CL08,Chile,CL,2020-05-18,2020-05-26,
Santa Juana,CL08109,,,,Concepción,CL081,Región del Bío-Bío,CL08,Chile,CL,2020-05-18,2020-05-26,
Talcahuano,CL08110,,,,Concepción,CL081,Región del Bío-Bío,CL08,Chile,CL,2020-05-18,2020-05-26,
Tomé,CL08111,,,,Concepción,CL081,Región del Bío-Bío,CL08,Chile,CL,2020-05-18,2020-05-26,
Hualpén,CL08112,,,,Concepción,CL081,Región del Bío-Bío,CL08,Chile,CL,2020-05-18,2020-05-26,
Lebu,CL08201,,,,Arauco,CL082,Región del Bío-Bío,CL08,Chile,CL,2020-05-18,2020-05-26,
Arauco,CL08202,,,,Arauco,CL082,Región del Bío-Bío,CL08,Chile,CL,2020-05-18,2020-05-26,
Cañete,CL08203,,,,Arauco,CL082,Región del Bío-Bío,CL08,Chile,CL,2020-05-18,2020-05-26,
Contulmo,CL08204,,,,Arauco,CL082,Región del Bío-Bío,CL08,Chile,CL,2020-05-18,2020-05-26,
Curanilahue,CL08205,,,,Arauco,CL082,Región del Bío-Bío,CL08,Chile,CL,2020-05-18,2020-05-26,
Los Alamos,CL08206,,,,Arauco,CL082,Región del Bío-Bío,CL08,Chile,CL,2020-05-18,2020-05-26,
Tirúa,CL08207,,,,Arauco,CL082,Región del Bío-Bío,CL08,Chile,CL,2020-05-18,2020-05-26,
Los Angeles,CL08301,,,,Bío-Bío,CL083,Región del Bío-Bío,CL08,Chile,CL,2020-05-18,2020-05-26,
Antuco,CL08302,,,,Bío-Bío,CL083,Región del Bío-Bío,CL08,Chile,CL,2020-05-18,2020-05-26,
Cabrero,CL08303,,,,Bío-Bío,CL083,Región del Bío-Bío,CL08,Chile,CL,2020-05-18,2020-05-26,
Laja,CL08304,,,,Bío-Bío,CL083,Región del Bío-Bío,CL08,Chile,CL,2020-05-18,2020-05-26,
Mulchén,CL08305,,,,Bío-Bío,CL083,Región del Bío-Bío,CL08,Chile,CL,2020-05-18,2020-05-26,
Nacimiento,CL08306,,,,Bío-Bío,CL083,Región del Bío-Bío,CL08,Chile,CL,2020-05-18,2020-05-26,
Negrete,CL08307,,,,Bío-Bío,CL083,Región del Bío-Bío,CL08,Chile,CL,2020-05-18,2020-05-26,
Quilaco,CL08308,,,,Bío-Bío,CL083,Región del Bío-Bío,CL08,Chile,CL,2020-05-18,2020-05-26,
Quilleco,CL08309,,,,Bío-Bío,CL083,Región del Bío-Bío,CL08,Chile,CL,2020-05-18,2020-05-26,
San Rosendo,CL08310,,,,Bío-Bío,CL083,Región del Bío-Bío,CL08,Chile,CL,2020-05-18,2020-05-26,
Santa Bárbara,CL08311,,,,Bío-Bío,CL083,Región del Bío-Bío,CL08,Chile,CL,2020-05-18,2020-05-26,
Tucapel,CL08312,,,,Bío-Bío,CL083,Región del Bío-Bío,CL08,Chile,CL,2020-05-18,2020-05-26,
Yumbel,CL08313,,,,Bío-Bío,CL083,Región del Bío-Bío,CL08,Chile,CL,2020-05-18,2020-05-26,
Alto Biobío,CL08314,,,,Bío-Bío,CL083,Región del Bío-Bío,CL08,Chile,CL,2020-05-18,2020-05-26,
Temuco,CL09101,,,,Cautín,CL091,Región de La Araucanía,CL09,Chile,CL,2020-05-18,2020-05-26,
Carahue,CL09102,,,,Cautín,CL091,Región de La Araucanía,CL09,Chile,CL,2020-05-18,2020-05-26,
Cunco,CL09103,,,,Cautín,CL091,Región de La Araucanía,CL09,Chile,CL,2020-05-18,2020-05-26,
Curarrehue,CL09104,,,,Cautín,CL091,Región de La Araucanía,CL09,Chile,CL,2020-05-18,2020-05-26,
Freire,CL09105,,,,Cautín,CL091,Región de La Araucanía,CL09,Chile,CL,2020-05-18,2020-05-26,
Galvarino,CL09106,,,,Cautín,CL091,Región de La Araucanía,CL09,Chile,CL,2020-05-18,2020-05-26,
Gorbea,CL09107,,,,Cautín,CL091,Región de La Araucanía,CL09,Chile,CL,2020-05-18,2020-05-26,
Lautaro,CL09108,,,,Cautín,CL091,Región de La Araucanía,CL09,Chile,CL,2020-05-18,2020-05-26,
Loncoche,CL09109,,,,Cautín,CL091,Región de La Araucanía,CL09,Chile,CL,2020-05-18,2020-05-26,
Melipeuco,CL09110,,,,Cautín,CL091,Región de La Araucanía,CL09,Chile,CL,2020-05-18,2020-05-26,
Nueva Imperial,CL09111,,,,Cautín,CL091,Región de La Araucanía,CL09,Chile,CL,2020-05-18,2020-05-26,
Padre Las Casas,CL09112,,,,Cautín,CL091,Región de La Araucanía,CL09,Chile,CL,2020-05-18,2020-05-26,
Perquenco,CL09113,,,,Cautín,CL091,Región de La Araucanía,CL09,Chile,CL,2020-05-18,2020-05-26,
Pitrufquén,CL09114,,,,Cautín,CL091,Región de La Araucanía,CL09,Chile,CL,2020-05-18,2020-05-26,
Pucón,CL09115,,,,Cautín,CL091,Región de La Araucanía,CL09,Chile,CL,2020-05-18,2020-05-26,
Saavedra,CL09116,,,,Cautín,CL091,Región de La Araucanía,CL09,Chile,CL,2020-05-18,2020-05-26,
Teodoro Schmidt,CL09117,,,,Cautín,CL091,Región de La Araucanía,CL09,Chile,CL,2020-05-18,2020-05-26,
Toltén,CL09118,,,,Cautín,CL091,Región de La Araucanía,CL09,Chile,CL,2020-05-18,2020-05-26,
Vilcún,CL09119,,,,Cautín,CL091,Región de La Araucanía,CL09,Chile,CL,2020-05-18,2020-05-26,
Villarrica,CL09120,,,,Cautín,CL091,Región de La Araucanía,CL09,Chile,CL,2020-05-18,2020-05-26,
Cholchol,CL09121,,,,Cautín,CL091,Región de La Araucanía,CL09,Chile,CL,2020-05-18,2020-05-26,
Angol,CL09201,,,,Malleco,CL092,Región de La Araucanía,CL09,Chile,CL,2020-05-18,2020-05-26,
Collipulli,CL09202,,,,Malleco,CL092,Región de La Araucanía,CL09,Chile,CL,2020-05-18,2020-05-26,
Curacautín,CL09203,,,,Malleco,CL092,Región de La Araucanía,CL09,Chile,CL,2020-05-18,2020-05-26,
Ercilla,CL09204,,,,Malleco,CL092,Región de La Araucanía,CL09,Chile,CL,2020-05-18,2020-05-26,
Lonquimay,CL09205,,,,Malleco,CL092,Región de La Araucanía,CL09,Chile,CL,2020-05-18,2020-05-26,
Los Sauces,CL09206,,,,Malleco,CL092,Región de La Araucanía,CL09,Chile,CL,2020-05-18,2020-05-26,
Lumaco,CL09207,,,,Malleco,CL092,Región de La Araucanía,CL09,Chile,CL,2020-05-18,2020-05-26,
Purén,CL09208,,,,Malleco,CL092,Región de La Araucanía,CL09,Chile,CL,2020-05-18,2020-05-26,
Renaico,CL09209,,,,Malleco,CL092,Región de La Araucanía,CL09,Chile,CL,2020-05-18,2020-05-26,
Traiguén,CL09210,,,,Malleco,CL092,Región de La Araucanía,CL09,Chile,CL,2020-05-18,2020-05-26,
Victoria,CL09211,,,,Malleco,CL092,Región de La Araucanía,CL09,Chile,CL,2020-05-18,2020-05-26,
Puerto Montt,CL10101,,,,Llanquihue,CL101,Región de Los Lagos,CL10,Chile,CL,2020-05-18,2020-05-26,
Calbuco,CL10102,,,,Llanquihue,CL101,Región de Los Lagos,CL10,Chile,CL,2020-05-18,2020-05-26,
Cochamó,CL10103,,,,Llanquihue,CL101,Región de Los Lagos,CL10,Chile,CL,2020-05-18,2020-05-26,
Fresia,CL10104,,,,Llanquihue,CL101,Región de Los Lagos,CL10,Chile,CL,2020-05-18,2020-05-26,
Frutillar,CL10105,,,,Llanquihue,CL101,Región de Los Lagos,CL10,Chile,CL,2020-05-18,2020-05-26,
Los Muermos,CL10106,,,,Llanquihue,CL101,Región de Los Lagos,CL10,Chile,CL,2020-05-18,2020-05-26,
Llanquihue,CL10107,,,,Llanquihue,CL101,Región de Los Lagos,CL10,Chile,CL,2020-05-18,2020-05-26,
Maullín,CL10108,,,,Llanquihue,CL101,Región de Los Lagos,CL10,Chile,CL,2020-05-18,2020-05-26,
Puerto Varas,CL10109,,,,Llanquihue,CL101,Región de Los Lagos,CL10,Chile,CL,2020-05-18,2020-05-26,
Castro,CL10201,,,,Chiloe,CL102,Región de Los Lagos,CL10,Chile,CL,2020-05-18,2020-05-26,
Ancud,CL10202,,,,Chiloe,CL102,Región de Los Lagos,CL10,Chile,CL,2020-05-18,2020-05-26,
Chonchi,CL10203,,,,Chiloe,CL102,Región de Los Lagos,CL10,Chile,CL,2020-05-18,2020-05-26,
Curaco de Vélez,CL10204,,,,Chiloe,CL102,Región de Los Lagos,CL10,Chile,CL,2020-05-18,2020-05-26,
Dalcahue,CL10205,,,,Chiloe,CL102,Región de Los Lagos,CL10,Chile,CL,2020-05-18,2020-05-26,
Puqueldón,CL10206,,,,Chiloe,CL102,Región de Los Lagos,CL10,Chile,CL,2020-05-18,2020-05-26,
Queilén,CL10207,,,,Chiloe,CL102,Región de Los Lagos,CL10,Chile,CL,2020-05-18,2020-05-26,
Quellón,CL10208,,,,Chiloe,CL102,Región de Los Lagos,CL10,Chile,CL,2020-05-18,2020-05-26,
Quemchi,CL10209,,,,Chiloe,CL102,Región de Los Lagos,CL10,Chile,CL,2020-05-18,2020-05-26,
Quinchao,CL10210,,,,Chiloe,CL102,Región de Los Lagos,CL10,Chile,CL,2020-05-18,2020-05-26,
Osorno,CL10301,,,,Osorno,CL103,Región de Los Lagos,CL10,Chile,CL,2020-05-18,2020-05-26,
Puerto Octay,CL10302,,,,Osorno,CL103,Región de Los Lagos,CL10,Chile,CL,2020-05-18,2020-05-26,
Purranque,CL10303,,,,Osorno,CL103,Región de Los Lagos,CL10,Chile,CL,2020-05-18,2020-05-26,
Puyehue,CL10304,,,,Osorno,CL103,Región de Los Lagos,CL10,Chile,CL,2020-05-18,2020-05-26,
Río Negro,CL10305,,,,Osorno,CL103,Región de Los Lagos,CL10,Chile,CL,2020-05-18,2020-05-26,
San Juan de la Costa,CL10306,,,,Osorno,CL103,Región de Los Lagos,CL10,Chile,CL,2020-05-18,2020-05-26,
San Pablo,CL10307,,,,Osorno,CL103,Región de Los Lagos,CL10,Chile,CL,2020-05-18,2020-05-26,
Chaitén,CL10401,,,,Palena,CL104,Región de Los Lagos,CL10,Chile,CL,2020-05-18,2020-05-26,
Futaleufú,CL10402,,,,Palena,CL104,Región de Los Lagos,CL10,Chile,CL,2020-05-18,2020-05-26,
Hualaihué,CL10403,,,,Palena,CL104,Región de Los Lagos,CL10,Chile,CL,2020-05-18,2020-05-26,
Palena,CL10404,,,,Palena,CL104,Región de Los Lagos,CL10,Chile,CL,2020-05-18,2020-05-26,
Coyhaique,CL11101,,,,Coyhaique,CL111,Región de Aysén del Gral.Ibañez del Campo,CL11,Chile,CL,2020-05-18,2020-05-26,
Lago Verde,CL11102,,,,Coyhaique,CL111,Región de Aysén del Gral.Ibañez del Campo,CL11,Chile,CL,2020-05-18,2020-05-26,
Aysén,CL11201,,,,Aysén,CL112,Región de Aysén del Gral.Ibañez del Campo,CL11,Chile,CL,2020-05-18,2020-05-26,
Cisnes,CL11202,,,,Aysén,CL112,Región de Aysén del Gral.Ibañez del Campo,CL11,Chile,CL,2020-05-18,2020-05-26,
Guaitecas,CL11203,,,,Aysén,CL112,Región de Aysén del Gral.Ibañez del Campo,CL11,Chile,CL,2020-05-18,2020-05-26,
Cochrane,CL11301,,,,Capitán Prat,CL113,Región de Aysén del Gral.Ibañez del Campo,CL11,Chile,CL,2020-05-18,2020-05-26,
O'Higgins,CL11302,,,,Capitán Prat,CL113,Región de Aysén del Gral.Ibañez del Campo,CL11,Chile,CL,2020-05-18,2020-05-26,
Tortel,CL11303,,,,Capitán Prat,CL113,Región de Aysén del Gral.Ibañez del Campo,CL11,Chile,CL,2020-05-18,2020-05-26,
Chile Chico,CL11401,,,,General Carrera,CL114,Región de Aysén del Gral.Ibañez del Campo,CL11,Chile,CL,2020-05-18,2020-05-26,
Río Ibáñez,CL11402,,,,General Carrera,CL114,Región de Aysén del Gral.Ibañez del Campo,CL11,Chile,CL,2020-05-18,2020-05-26,
Punta Arenas,CL12101,,,,Magallanes,CL121,Región de Magallanes y Antártica Chilena,CL12,Chile,CL,2020-05-18,2020-05-26,
Laguna Blanca,CL12102,,,,Magallanes,CL121,Región de Magallanes y Antártica Chilena,CL12,Chile,CL,2020-05-18,2020-05-26,
Río Verde,CL12103,,,,Magallanes,CL121,Región de Magallanes y Antártica Chilena,CL12,Chile,CL,2020-05-18,2020-05-26,
San Gregorio,CL12104,,,,Magallanes,CL121,Región de Magallanes y Antártica Chilena,CL12,Chile,CL,2020-05-18,2020-05-26,
Cabo de Hornos,CL12201,,,,Antártica Chilena,CL122,Región de Magallanes y Antártica Chilena,CL12,Chile,CL,2020-05-18,2020-05-26,
Porvenir,CL12301,,,,Tierra del Fuego,CL123,Región de Magallanes y Antártica Chilena,CL12,Chile,CL,2020-05-18,2020-05-26,
Primavera,CL12302,,,,Tierra del Fuego,CL123,Región de Magallanes y Antártica Chilena,CL12,Chile,CL,2020-05-18,2020-05-26,
Timaukel,CL12303,,,,Tierra del Fuego,CL123,Región de Magallanes y Antártica Chilena,CL12,Chile,CL,2020-05-18,2020-05-26,
Natales,CL12401,,,,Ultima Esperanza,CL124,Región de Magallanes y Antártica Chilena,CL12,Chile,CL,2020-05-18,2020-05-26,
Torres del Paine,CL12402,,,,Ultima Esperanza,CL124,Región de Magallanes y Antártica Chilena,CL12,Chile,CL,2020-05-18,2020-05-26,
Santiago,CL13101,,,,Santiago,CL131,Región Metropolitana de Santiago,CL13,Chile,CL,2020-05-18,2020-05-26,
Cerrillos,CL13102,,,,Santiago,CL131,Región Metropolitana de Santiago,CL13,Chile,CL,2020-05-18,2020-05-26,
Cerro Navia,CL13103,,,,Santiago,CL131,Región Metropolitana de Santiago,CL13,Chile,CL,2020-05-18,2020-05-26,
Conchalí,CL13104,,,,Santiago,CL131,Región Metropolitana de Santiago,CL13,Chile,CL,2020-05-18,2020-05-26,
El Bosque,CL13105,,,,Santiago,CL131,Región Metropolitana de Santiago,CL13,Chile,CL,2020-05-18,2020-05-26,
Estación Central,CL13106,,,,Santiago,CL131,Región Metropolitana de Santiago,CL13,Chile,CL,2020-05-18,2020-05-26,
Huechuraba,CL13107,,,,Santiago,CL131,Región Metropolitana de Santiago,CL13,Chile,CL,2020-05-18,2020-05-26,
Independencia,CL13108,,,,Santiago,CL131,Región Metropolitana de Santiago,CL13,Chile,CL,2020-05-18,2020-05-26,
La Cisterna,CL13109,,,,Santiago,CL131,Región Metropolitana de Santiago,CL13,Chile,CL,2020-05-18,2020-05-26,
La Florida,CL13110,,,,Santiago,CL131,Región Metropolitana de Santiago,CL13,Chile,CL,2020-05-18,2020-05-26,
La Granja,CL13111,,,,Santiago,CL131,Región Metropolitana de Santiago,CL13,Chile,CL,2020-05-18,2020-05-26,
La Pintana,CL13112,,,,Santiago,CL131,Región Metropolitana de Santiago,CL13,Chile,CL,2020-05-18,2020-05-26,
La Reina,CL13113,,,,Santiago,CL131,Región Metropolitana de Santiago,CL13,Chile,CL,2020-05-18,2020-05-26,
Las Condes,CL13114,,,,Santiago,CL131,Región Metropolitana de Santiago,CL13,Chile,CL,2020-05-18,2020-05-26,
Lo Barnechea,CL13115,,,,Santiago,CL131,Región Metropolitana de Santiago,CL13,Chile,CL,2020-05-18,2020-05-26,
Lo Espejo,CL13116,,,,Santiago,CL131,Región Metropolitana de Santiago,CL13,Chile,CL,2020-05-18,2020-05-26,
Lo Prado,CL13117,,,,Santiago,CL131,Región Metropolitana de Santiago,CL13,Chile,CL,2020-05-18,2020-05-26,
Macul,CL13118,,,,Santiago,CL131,Región Metropolitana de Santiago,CL13,Chile,CL,2020-05-18,2020-05-26,
Maipú,CL13119,,,,Santiago,CL131,Región Metropolitana de Santiago,CL13,Chile,CL,2020-05-18,2020-05-26,
Ñuñoa,CL13120,,,,Santiago,CL131,Región Metropolitana de Santiago,CL13,Chile,CL,2020-05-18,2020-05-26,
Pedro Aguirre Cerda,CL13121,,,,Santiago,CL131,Región Metropolitana de Santiago,CL13,Chile,CL,2020-05-18,2020-05-26,
Peñalolén,CL13122,,,,Santiago,CL131,Región Metropolitana de Santiago,CL13,Chile,CL,2020-05-18,2020-05-26,
Providencia,CL13123,,,,Santiago,CL131,Región Metropolitana de Santiago,CL13,Chile,CL,2020-05-18,2020-05-26,
Pudahuel,CL13124,,,,Santiago,CL131,Región Metropolitana de Santiago,CL13,Chile,CL,2020-05-18,2020-05-26,
Quilicura,CL13125,,,,Santiago,CL131,Región Metropolitana de Santiago,CL13,Chile,CL,2020-05-18,2020-05-26,
Quinta Normal,CL13126,,,,Santiago,CL131,Región Metropolitana de Santiago,CL13,Chile,CL,2020-05-18,2020-05-26,
Recoleta,CL13127,,,,Santiago,CL131,Región Metropolitana de Santiago,CL13,Chile,CL,2020-05-18,2020-05-26,
Renca,CL13128,,,,Santiago,CL131,Región Metropolitana de Santiago,CL13,Chile,CL,2020-05-18,2020-05-26,
San Joaquín,CL13129,,,,Santiago,CL131,Región Metropolitana de Santiago,CL13,Chile,CL,2020-05-18,2020-05-26,
San Miguel,CL13130,,,,Santiago,CL131,Región Metropolitana de Santiago,CL13,Chile,CL,2020-05-18,2020-05-26,
San Ramón,CL13131,,,,Santiago,CL131,Región Metropolitana de Santiago,CL13,Chile,CL,2020-05-18,2020-05-26,
Vitacura,CL13132,,,,Santiago,CL131,Región Metropolitana de Santiago,CL13,Chile,CL,2020-05-18,2020-05-26,
Puente Alto,CL13201,,,,Cordillera,CL132,Región Metropolitana de Santiago,CL13,Chile,CL,2020-05-18,2020-05-26,
Pirque,CL13202,,,,Cordillera,CL132,Región Metropolitana de Santiago,CL13,Chile,CL,2020-05-18,2020-05-26,
San José de Maipo,CL13203,,,,Cordillera,CL132,Región Metropolitana de Santiago,CL13,Chile,CL,2020-05-18,2020-05-26,
Colina,CL13301,,,,Chacabuco,CL133,Región Metropolitana de Santiago,CL13,Chile,CL,2020-05-18,2020-05-26,
Lampa,CL13302,,,,Chacabuco,CL133,Región Metropolitana de Santiago,CL13,Chile,CL,2020-05-18,2020-05-26,
Tiltil,CL13303,,,,Chacabuco,CL133,Región Metropolitana de Santiago,CL13,Chile,CL,2020-05-18,2020-05-26,
San Bernardo,CL13401,,,,Maipo,CL134,Región Metropolitana de Santiago,CL13,Chile,CL,2020-05-18,2020-05-26,
Buin,CL13402,,,,Maipo,CL134,Región Metropolitana de Santiago,CL13,Chile,CL,2020-05-18,2020-05-26,
Calera de Tango,CL13403,,,,Maipo,CL134,Región Metropolitana de Santiago,CL13,Chile,CL,2020-05-18,2020-05-26,
Paine,CL13404,,,,Maipo,CL134,Región Metropolitana de Santiago,CL13,Chile,CL,2020-05-18,2020-05-26,
Melipilla,CL13501,,,,Melipilla,CL135,Región Metropolitana de Santiago,CL13,Chile,CL,2020-05-18,2020-05-26,
Alhué,CL13502,,,,Melipilla,CL135,Región Metropolitana de Santiago,CL13,Chile,CL,2020-05-18,2020-05-26,
Curacaví,CL13503,,,,Melipilla,CL135,Región Metropolitana de Santiago,CL13,Chile,CL,2020-05-18,2020-05-26,
María Pinto,CL13504,,,,Melipilla,CL135,Región Metropolitana de Santiago,CL13,Chile,CL,2020-05-18,2020-05-26,
San Pedro,CL13505,,,,Melipilla,CL135,Región Metropolitana de Santiago,CL13,Chile,CL,2020-05-18,2020-05-26,
Talagante,CL13601,,,,Talagante,CL136,Región Metropolitana de Santiago,CL13,Chile,CL,2020-05-18,2020-05-26,
El Monte,CL13602,,,,Talagante,CL136,Región Metropolitana de Santiago,CL13,Chile,CL,2020-05-18,2020-05-26,
Isla de Maipo,CL13603,,,,Talagante,CL136,Región Metropolitana de Santiago,CL13,Chile,CL,2020-05-18,2020-05-26,
Padre Hurtado,CL13604,,,,Talagante,CL136,Región Metropolitana de Santiago,CL13,Chile,CL,2020-05-18,2020-05-26,
Peñaflor,CL13605,,,,Talagante,CL136,Región Metropolitana de Santiago,CL13,Chile,CL,2020-05-18,2020-05-26,
Valdivia,CL14101,,,,Valdivia,CL141,Región de Los Ríos,CL14,Chile,CL,2020-05-18,2020-05-26,
Corral,CL14102,,,,Valdivia,CL141,Región de Los Ríos,CL14,Chile,CL,2020-05-18,2020-05-26,
Lanco,CL14103,,,,Valdivia,CL141,Región de Los Ríos,CL14,Chile,CL,2020-05-18,2020-05-26,
Los Lagos,CL14104,,,,Valdivia,CL141,Región de Los Ríos,CL14,Chile,CL,2020-05-18,2020-05-26,
Máfil,CL14105,,,,Valdivia,CL141,Región de Los Ríos,CL14,Chile,CL,2020-05-18,2020-05-26,
Mariquina,CL14106,,,,Valdivia,CL141,Región de Los Ríos,CL14,Chile,CL,2020-05-18,2020-05-26,
Panguipulli,CL14108,,,,Valdivia,CL141,Región de Los Ríos,CL14,Chile,CL,2020-05-18,2020-05-26,
La Unión,CL14201,,,,Ranco,CL142,Región de Los Ríos,CL14,Chile,CL,2020-05-18,2020-05-26,
Futrono,CL14202,,,,Ranco,CL142,Región de Los Ríos,CL14,Chile,CL,2020-05-18,2020-05-26,
Lago Ranco,CL14203,,,,Ranco,CL142,Región de Los Ríos,CL14,Chile,CL,2020-05-18,2020-05-26,
Río Bueno,CL14204,,,,Ranco,CL142,Región de Los Ríos,CL14,Chile,CL,2020-05-18,2020-05-26,
Paillaco,CL14207,,,,Ranco,CL142,Región de Los Ríos,CL14,Chile,CL,2020-05-18,2020-05-26,
Arica,CL15101,,,,Arica,CL151,Región de Arica y Parinacota,CL15,Chile,CL,2020-05-18,2020-05-26,
Camarones,CL15102,,,,Arica,CL151,Región de Arica y Parinacota,CL15,Chile,CL,2020-05-18,2020-05-26,
Putre,CL15201,,,,Parinacota,CL152,Región de Arica y Parinacota,CL15,Chile,CL,2020-05-18,2020-05-26,
General Lagos,CL15202,,,,Parinacota,CL152,Región de Arica y Parinacota,CL15,Chile,CL,2020-05-18,2020-05-26,
Chillán,CL16101,,,,Diguillín,CL161,Región de Ñuble,CL16,Chile,CL,2020-05-18,2020-05-26,
Bulnes,CL16102,,,,Diguillín,CL161,Región de Ñuble,CL16,Chile,CL,2020-05-18,2020-05-26,
Chillán Viejo,CL16103,,,,Diguillín,CL161,Región de Ñuble,CL16,Chile,CL,2020-05-18,2020-05-26,
El Carmen,CL16104,,,,Diguillín,CL161,Región de Ñuble,CL16,Chile,CL,2020-05-18,2020-05-26,
Pemuco,CL16105,,,,Diguillín,CL161,Región de Ñuble,CL16,Chile,CL,2020-05-18,2020-05-26,
Pinto,CL16106,,,,Diguillín,CL161,Región de Ñuble,CL16,Chile,CL,2020-05-18,2020-05-26,
Quillón,CL16107,,,,Diguillín,CL161,Región de Ñuble,CL16,Chile,CL,2020-05-18,2020-05-26,
San Ignacio,CL16108,,,,Diguillín,CL161,Región de Ñuble,CL16,Chile,CL,2020-05-18,2020-05-26,
Yungay,CL16109,,,,Diguillín,CL161,Región de Ñuble,CL16,Chile,CL,2020-05-18,2020-05-26,
Quirihue,CL16201,,,,Itata,CL162,Región de Ñuble,CL16,Chile,CL,2020-05-18,2020-05-26,
Cobquecura,CL16202,,,,Itata,CL162,Región de Ñuble,CL16,Chile,CL,2020-05-18,2020-05-26,
Coelemu,CL16203,,,,Itata,CL162,Región de Ñuble,CL16,Chile,CL,2020-05-18,2020-05-26,
Ninhue,CL16204,,,,Itata,CL162,Región de Ñuble,CL16,Chile,CL,2020-05-18,2020-05-26,
Portezuelo,CL16205,,,,Itata,CL162,Región de Ñuble,CL16,Chile,CL,2020-05-18,2020-05-26,
Ranquil,CL16206,,,,Itata,CL162,Región de Ñuble,CL16,Chile,CL,2020-05-18,2020-05-26,
Treguaco,CL16207,,,,Itata,CL162,Región de Ñuble,CL16,Chile,CL,2020-05-18,2020-05-26,
San Carlos,CL16301,,,,Punilla,CL163,Región de Ñuble,CL16,Chile,CL,2020-05-18,2020-05-26,
Coihueco,CL16302,,,,Punilla,CL163,Región de Ñuble,CL16,Chile,CL,2020-05-18,2020-05-26,
Ñiquén,CL16303,,,,Punilla,CL163,Región de Ñuble,CL16,Chile,CL,2020-05-18,2020-05-26,
San Fabián,CL16304,,,,Punilla,CL163,Región de Ñuble,CL16,Chile,CL,2020-05-18,2020-05-26,
San Nicolás,CL16305,,,,Punilla,CL163,Región de Ñuble,CL16,Chile,CL,2020-05-18,2020-05-26,
